,0
0,[UNK]
1,the
2,of
3,and
4,to
5,in
6,is
7,a
8,be
9,he
10,that
11,which
12,or
13,are
14,not
15,as
16,they
17,have
18,but
19,i
20,for
21,by
22,will
23,we
24,them
25,who
26,his
27,you
28,if
29,with
30,their
31,this
32,all
33,one
34,there
35,at
36,may
37,shall
38,has
39,what
40,him
41,from
42,any
43,other
44,when
45,no
46,man
47,said
48,an
49,would
50,on
51,was
52,good
53,should
54,do
55,more
56,state
57,then
58,only
59,our
60,let
61,than
62,men
63,must
64,true
65,us
66,been
67,such
68,athenian
69,these
70,say
71,were
72,can
73,like
74,it
75,first
76,cleinias
77,about
78,also
79,into
80,law
81,now
82,some
83,another
84,life
85,laws
86,so
87,same
88,own
89,very
90,soul
91,had
92,things
93,nature
94,many
95,those
96,plato
97,well
98,great
99,most
100,yes
101,how
102,out
103,two
104,time
105,whether
106,being
107,gods
108,way
109,make
110,every
111,justice
112,up
113,himself
114,ought
115,just
116,city
117,socrates
118,truth
119,me
120,upon
121,my
122,nor
123,mind
124,both
125,certainly
126,either
127,know
128,place
129,evil
130,knowledge
131,having
132,whole
133,take
134,yet
135,order
136,better
137,god
138,your
139,world
140,’
141,best
142,right
143,after
144,never
145,far
146,art
147,cannot
148,others
149,education
150,made
151,virtue
152,mean
153,against
154,children
155,because
156,whom
157,does
158,reason
159,without
160,her
161,see
162,under
163,human
164,use
165,power
166,citizens
167,therefore
168,body
169,part
170,again
171,sort
172,always
173,love
174,before
175,manner
176,three
177,over
178,much
179,give
180,pleasure
181,number
182,even
183,legislator
184,too
185,words
186,think
187,among
188,years
189,themselves
190,might
191,am
192,age
193,old
194,go
195,guardians
196,still
197,nothing
198,ever
199,come
200,phaedrus
201,case
202,second
203,rather
204,each
205,saying
206,replied
207,states
208,war
209,suppose
210,common
211,greatest
212,form
213,opinion
214,question
215,greater
216,women
217,between
218,view
219,neither
220,thus
221,class
222,quite
223,thing
224,able
225,principle
226,young
227,youth
228,philosophy
229,music
230,republic
231,stranger
232,third
233,s
234,less
235,country
236,away
237,care
238,called
239,could
240,anything
241,person
242,thought
243,given
244,found
245,work
246,tell
247,according
248,sense
249,property
250,general
251,while
252,speak
253,speaking
254,why
255,kind
256,honour
257,natural
258,further
259,little
260,next
261,injustice
262,bad
263,she
264,answer
265,idea
266,day
267,though
268,rest
269,death
270,present
271,mankind
272,desire
273,end
274,unjust
275,father
276,character
277,times
278,ask
279,public
280,persons
281,hand
282,consider
283,argument
284,proceed
285,find
286,did
287,become
288,possible
289,government
290,subject
291,book
292,although
293,megillus
294,matter
295,rule
296,pay
297,friends
298,friend
299,different
300,divine
301,matters
302,makes
303,people
304,enough
305,spirit
306,point
307,making
308,difficulty
309,down
310,pleasures
311,wisdom
312,modern
313,light
314,last
315,fear
316,until
317,often
318,word
319,son
320,want
321,together
322,once
323,lover
324,here
325,says
326,new
327,money
328,poets
329,done
330,allowed
331,certain
332,already
333,greek
334,higher
335,individual
336,principles
337,rulers
338,agree
339,similar
340,put
341,where
342,receive
343,name
344,through
345,seen
346,hear
347,slave
348,desires
349,interest
350,course
351,pain
352,believe
353,likely
354,magistrates
355,live
356,family
357,private
358,heaven
359,hardly
360,follow
361,earth
362,taken
363,judges
364,follows
365,above
366,truly
367,look
368,ideas
369,temperance
370,small
371,really
372,perhaps
373,meaning
374,arts
375,parents
376,opposite
377,ideal
378,existence
379,brought
380,long
381,land
382,courage
383,clearly
384,beginning
385,beauty
386,ancient
387,seems
388,perfect
389,need
390,however
391,call
392,imagine
393,few
394,glaucon
395,citizen
396,parts
397,appear
398,wise
399,indeed
400,equally
401,comes
402,philosopher
403,necessity
404,lot
405,understand
406,noble
407,means
408,master
409,kinds
410,experience
411,change
412,within
413,several
414,forms
415,year
416,judge
417,help
418,gymnastic
419,going
420,remember
421,seem
422,harmony
423,example
424,degree
425,sight
426,real
427,lives
428,least
429,five
430,cause
431,souls
432,something
433,four
434,longer
435,allow
436,wealth
437,cases
438,whose
439,show
440,rich
441,cities
442,learn
443,described
444,athens
445,slaves
446,penalty
447,necessary
448,natures
449,language
450,days
451,compare
452,bring
453,appears
454,animals
455,wrong
456,whereas
457,self
458,leave
459,worse
460,house
461,highest
462,sun
463,side
464,regard
465,homer
466,tyrant
467,marriage
468,hands
469,speech
470,motion
471,instead
472,inferior
473,goods
474,easily
475,doing
476,difference
477,relation
478,off
479,ignorance
480,happiness
481,full
482,temples
483,poetry
484,poet
485,science
486,rightly
487,health
488,happy
489,half
490,fair
491,enemies
492,ways
493,ten
494,single
495,regarded
496,ourselves
497,left
498,influence
499,heard
500,eyes
501,sometimes
502,return
503,probably
504,free
505,classes
506,set
507,latter
508,admit
509,military
510,philosophers
511,else
512,constitution
513,supposed
514,sake
515,required
516,observe
517,image
518,gives
519,unless
520,peace
521,get
522,effect
523,ages
524,surely
525,punished
526,individuals
527,beyond
528,sons
529,minds
530,living
531,freedom
532,begin
533,authority
534,turn
535,praise
536,object
537,equal
538,thrasymachus
539,punishment
540,legislation
541,court
542,secondly
543,qualities
544,political
545,former
546,democracy
547,back
548,wardens
549,takes
550,subjects
551,study
552,practice
553,passion
554,knows
555,guardian
556,following
557,feeling
558,false
559,evils
560,actions
561,suffer
562,sparta
563,serious
564,proper
565,mother
566,its
567,religion
568,ready
569,partly
570,mere
571,future
572,simple
573,meet
574,ill
575,hold
576,bodies
577,action
578,writings
579,training
580,ruler
581,eye
582,condition
583,choose
584,business
585,act
586,strength
587,institutions
588,drink
589,division
590,determine
591,dead
592,virtues
593,share
594,respect
595,places
596,honourable
597,zeus
598,politics
599,ordered
600,impossible
601,fourth
602,aim
603,thirty
604,taking
605,spoken
606,office
607,none
608,judgment
609,fact
610,becomes
611,style
612,remain
613,o
614,gain
615,during
616,came
617,almost
618,twelve
619,original
620,lost
621,generally
622,element
623,discourse
624,woman
625,passed
626,numbers
627,measure
628,imitation
629,figure
630,conception
631,compelled
632,arms
633,vice
634,service
635,seeing
636,child
637,told
638,maintain
639,generation
640,enemy
641,educated
642,whatever
643,try
644,towards
645,thousand
646,sure
647,society
648,race
649,hope
650,force
651,appointed
652,alone
653,absolute
654,willing
655,water
656,sacred
657,pass
658,particular
659,injury
660,gold
661,courts
662,causes
663,agora
664,adeimantus
665,writing
666,trained
667,thinks
668,terms
669,sea
670,received
671,keep
672,involuntary
673,especially
674,carried
675,birth
676,harm
677,danger
678,beautiful
679,attempt
680,aristotle
681,wish
682,thoughts
683,term
684,ridiculous
685,rhetoric
686,physician
687,notion
688,naturally
689,important
690,habit
691,fixed
692,except
693,excellent
694,doubt
695,divided
696,carry
697,works
698,rate
699,please
700,houses
701,grow
702,fine
703,elements
704,advantage
705,wine
706,short
707,poor
708,lie
709,known
710,guilty
711,duty
712,concerning
713,‘the
714,value
715,termed
716,pains
717,legislators
718,food
719,fall
720,easy
721,company
722,below
723,understanding
724,reverse
725,remark
726,reality
727,origin
728,objects
729,lower
730,lesser
731,home
732,ground
733,compared
734,unity
735,suitable
736,strangers
737,lovers
738,later
739,giving
740,drinking
741,beloved
742,wherefore
743,medicine
744,liable
745,history
746,freeman
747,circumstances
748,chance
749,anger
750,written
751,run
752,round
753,mode
754,lead
755,impiety
756,explain
757,exactly
758,elected
759,council
760,arise
761,afraid
762,various
763,tyranny
764,length
765,determined
766,crete
767,chosen
768,bear
769,victory
770,tale
771,require
772,remains
773,error
774,early
775,due
776,born
777,younger
778,superior
779,select
780,prove
781,names
782,ignorant
783,hence
784,gifts
785,double
786,dear
787,animal
788,useful
789,telfy
790,sees
791,honours
792,everything
793,discussion
794,afterwards
795,wholly
796,vision
797,unable
798,taught
799,stars
800,sacrifices
801,quality
802,pure
803,previous
804,method
805,masters
806,lysias
807,genius
808,discovered
809,deemed
810,voice
811,used
812,twenty
813,stronger
814,statesman
815,shown
816,proportion
817,led
818,learning
819,lawgiver
820,head
821,exist
822,excess
823,divisions
824,concerned
825,community
826,clear
827,changes
828,author
829,asked
830,agreed
831,add
832,worst
833,voluntary
834,universal
835,sciences
836,rhythm
837,kindred
838,high
839,fancy
840,enquiry
841,distinction
842,dialectic
843,considered
844,characters
845,worthy
846,silver
847,result
848,hellenes
849,hellas
850,held
851,exercise
852,disease
853,dance
854,control
855,contests
856,brother
857,bodily
858,acknowledge
859,account
860,since
861,servants
862,saw
863,produce
864,offer
865,night
866,move
867,moral
868,images
869,goes
870,draw
871,begins
872,arises
873,apt
874,admitted
875,worth
876,thinking
877,spartan
878,process
879,possession
880,perfectly
881,literature
882,listen
883,kings
884,friendship
885,expression
886,deal
887,continue
888,tradition
889,trade
890,mistaken
891,male
892,interests
893,forth
894,female
895,e
896,difficult
897,avoid
898,violence
899,sorts
900,song
901,rules
902,religious
903,regulations
904,purpose
905,offspring
906,near
907,moment
908,madness
909,laid
910,intercourse
911,exercises
912,excellence
913,command
914,cast
915,aware
916,army
917,utterly
918,questions
919,practise
920,play
921,platonic
922,past
923,party
924,myself
925,mentioned
926,large
927,itself
928,increase
929,generals
930,fifty
931,enter
932,duties
933,distance
934,battle
935,amount
936,soon
937,relations
938,passing
939,passage
940,king
941,escape
942,earnest
943,dances
944,assembly
945,apply
946,alike
947,affirm
948,vote
949,unlike
950,trial
951,teach
952,sufficient
953,ruin
954,ordinary
955,note
956,neglect
957,muses
958,imitate
959,heavens
960,gentle
961,gave
962,fortune
963,foreign
964,external
965,exile
966,distinguish
967,defence
968,colony
969,temperate
970,suit
971,shadows
972,satisfied
973,rational
974,prayers
975,period
976,nearly
977,moderate
978,labour
979,equality
980,distinguished
981,dialogues
982,convicted
983,conceive
984,witness
985,thirdly
986,taste
987,strong
988,speaks
989,seek
990,oligarchy
991,middle
992,mention
993,knowing
994,guard
995,greatly
996,fight
997,die
998,dialogue
999,decision
1000,conclusion
1001,writers
1002,parent
1003,ones
1004,noblest
1005,lose
1006,hellenic
1007,habits
1008,fire
1009,fairly
1010,entirely
1011,endeavour
1012,elder
1013,describing
1014,conditions
1015,attain
1016,apollo
1017,turned
1018,temple
1019,sum
1020,special
1021,priests
1022,powers
1023,plato’s
1024,placed
1025,opinions
1026,notions
1027,non
1028,knew
1029,fathers
1030,contrary
1031,blame
1032,writer
1033,went
1034,upwards
1035,story
1036,stage
1037,reflection
1038,pursuit
1039,proof
1040,perfection
1041,miserable
1042,marry
1043,likes
1044,intelligence
1045,freemen
1046,enactments
1047,disposed
1048,describe
1049,deny
1050,countries
1051,beast
1052,yourself
1053,violent
1054,utter
1055,source
1056,sound
1057,sing
1058,retail
1059,quarrel
1060,persuade
1061,obey
1062,importance
1063,immortal
1064,holy
1065,heart
1066,fellow
1067,families
1068,falsehood
1069,exact
1070,election
1071,derived
1072,definition
1073,custom
1074,consideration
1075,chief
1076,charge
1077,behold
1078,strain
1079,seeking
1080,rites
1081,respecting
1082,reply
1083,receiving
1084,praises
1085,pol
1086,pleases
1087,passages
1088,occasion
1089,necessarily
1090,murder
1091,moreover
1092,manners
1093,justly
1094,inspired
1095,hour
1096,foundation
1097,foolish
1098,final
1099,famous
1100,fail
1101,faculty
1102,existing
1103,drawn
1104,customs
1105,cretan
1106,compel
1107,choice
1108,books
1109,based
1110,attained
1111,wants
1112,twice
1113,stand
1114,soldiers
1115,pursuits
1116,officers
1117,observed
1118,nations
1119,meals
1120,maker
1121,looking
1122,intellectual
1123,herself
1124,hard
1125,figures
1126,doctrine
1127,crime
1128,confusion
1129,conceived
1130,besides
1131,artist
1132,strains
1133,rewards
1134,portion
1135,popular
1136,larger
1137,injured
1138,growth
1139,grown
1140,festivals
1141,expected
1142,entire
1143,description
1144,decide
1145,comparison
1146,capable
1147,benefit
1148,assume
1149,arrived
1150,added
1151,wanting
1152,visible
1153,utmost
1154,useless
1155,servant
1156,remarks
1157,prefer
1158,possess
1159,picture
1160,parties
1161,ours
1162,obtain
1163,musical
1164,loves
1165,lest
1166,honoured
1167,feelings
1168,face
1169,dogs
1170,differences
1171,dare
1172,crimes
1173,boys
1174,angry
1175,abstract
1176,wonder
1177,wild
1178,refuse
1179,prose
1180,preserve
1181,points
1182,pleasant
1183,offences
1184,mortal
1185,magistrate
1186,lay
1187,kill
1188,homicide
1189,distinct
1190,dancing
1191,consequence
1192,coming
1193,chiefly
1194,arguments
1195,altogether
1196,actual
1197,acquired
1198,accordance
1199,train
1200,suits
1201,revolution
1202,respects
1203,regular
1204,provide
1205,prevent
1206,pilot
1207,perceive
1208,passions
1209,month
1210,moderation
1211,members
1212,liberty
1213,intended
1214,hearing
1215,gymnastics
1216,geometry
1217,folly
1218,fairest
1219,fails
1220,established
1221,deed
1222,commonly
1223,athenians
1224,argue
1225,appearance
1226,akin
1227,accomplished
1228,abstain
1229,tragedy
1230,tales
1231,sorrow
1232,sent
1233,ruling
1234,relates
1235,prelude
1236,preamble
1237,poverty
1238,possibly
1239,possibility
1240,polemarchus
1241,painter
1242,leads
1243,introduced
1244,institution
1245,incapable
1246,horse
1247,fifth
1248,enquire
1249,dream
1250,deprived
1251,considering
1252,composed
1253,becoming
1254,assigned
1255,wife
1256,wall
1257,took
1258,timaeus
1259,system
1260,sweet
1261,spot
1262,spoke
1263,skill
1264,shows
1265,send
1266,sacrifice
1267,propose
1268,preserved
1269,older
1270,offender
1271,occur
1272,numerous
1273,multitude
1274,moved
1275,learned
1276,inform
1277,horses
1278,heroes
1279,heavenly
1280,happen
1281,got
1282,gone
1283,foot
1284,existed
1285,daughter
1286,creation
1287,completed
1288,belief
1289,attributed
1290,aims
1291,affairs
1292,acquire
1293,absolutely
1294,—the
1295,x
1296,whenever
1297,watch
1298,tyrannical
1299,test
1300,supposing
1301,sister
1302,simplicity
1303,separate
1304,salvation
1305,rid
1306,riches
1307,relative
1308,offence
1309,nay
1310,legislate
1311,instance
1312,inflicted
1313,heavy
1314,governments
1315,goodness
1316,fashion
1317,direction
1318,counsel
1319,conversation
1320,attend
1321,astronomy
1322,arist
1323,appoint
1324,talking
1325,strange
1326,sphere
1327,speeches
1328,soldier
1329,sleep
1330,shadow
1331,seemed
1332,royal
1333,reverence
1334,read
1335,punishments
1336,pattern
1337,particulars
1338,oracle
1339,moving
1340,mothers
1341,meant
1342,level
1343,intermediate
1344,fit
1345,felt
1346,feel
1347,disgrace
1348,destroyed
1349,deem
1350,companions
1351,committed
1352,christian
1353,blessed
1354,assuredly
1355,answers
1356,understood
1357,trouble
1358,supply
1359,step
1360,speaker
1361,songs
1362,rhythms
1363,reputation
1364,repeat
1365,receives
1366,reasons
1367,proved
1368,properly
1369,proceeds
1370,principal
1371,prevail
1372,philosophical
1373,penalties
1374,passes
1375,morality
1376,mistake
1377,memory
1378,lots
1379,loss
1380,likeness
1381,leaving
1382,inclined
1383,imitator
1384,hunting
1385,hundred
1386,games
1387,forgotten
1388,exception
1389,ears
1390,differ
1391,cure
1392,cowardice
1393,corruption
1394,chorus
1395,charm
1396,cephalus
1397,brothers
1398,attention
1399,arrive
1400,amid
1401,along
1402,addition
1403,acts
1404,wives
1405,warrior
1406,unwilling
1407,unknown
1408,tried
1409,tribes
1410,terrible
1411,sounds
1412,slavery
1413,six
1414,selection
1415,remaining
1416,provided
1417,pray
1418,otherwise
1419,mythology
1420,modes
1421,merely
1422,improvement
1423,harmonies
1424,finds
1425,falls
1426,faculties
1427,expect
1428,empire
1429,dies
1430,destruction
1431,depart
1432,courageous
1433,corresponding
1434,connexion
1435,composition
1436,brave
1437,blood
1438,behind
1439,bed
1440,ashamed
1441,advantages
1442,weakness
1443,upper
1444,unnatural
1445,undergo
1446,tendency
1447,temper
1448,simply
1449,sexes
1450,senses
1451,seasons
1452,search
1453,repeated
1454,regulated
1455,raised
1456,prize
1457,preceded
1458,possessions
1459,portions
1460,offices
1461,occurs
1462,limit
1463,lacedaemon
1464,join
1465,instruction
1466,grows
1467,getting
1468,followed
1469,fighting
1470,explained
1471,endure
1472,eldest
1473,eating
1474,director
1475,details
1476,consent
1477,censure
1478,brings
1479,amusement
1480,air
1481,affected
1482,wicked
1483,teachers
1484,sex
1485,secret
1486,saved
1487,paradox
1488,obedience
1489,melody
1490,letters
1491,lacedaemonian
1492,kingdom
1493,jest
1494,iron
1495,husbandmen
1496,greeks
1497,gift
1498,festival
1499,everywhere
1500,dwelling
1501,dwell
1502,disorder
1503,destroy
1504,decided
1505,claim
1506,choruses
1507,characteristic
1508,bound
1509,barbarians
1510,arithmetic
1511,applied
1512,accordingly
1513,write
1514,wings
1515,walk
1516,union
1517,theory
1518,theft
1519,sufficiently
1520,sophist
1521,singular
1522,ship
1523,seven
1524,serve
1525,returns
1526,requires
1527,prior
1528,prayer
1529,practised
1530,persuasion
1531,permitted
1532,peculiar
1533,orphans
1534,opposed
1535,oligarchical
1536,offered
1537,nurses
1538,neighbour
1539,man’s
1540,mad
1541,judged
1542,intention
1543,innocent
1544,imperfect
1545,husband
1546,holds
1547,hesiod
1548,heat
1549,forward
1550,filled
1551,fancies
1552,express
1553,explanation
1554,execution
1555,evidence
1556,duly
1557,dog
1558,dispute
1559,deeds
1560,creature
1561,create
1562,confined
1563,complete
1564,carpenter
1565,believed
1566,behalf
1567,base
1568,attribute
1569,arrangement
1570,appeared
1571,answered
1572,adapted
1573,acknowledged
1574,witnesses
1575,tenth
1576,tells
1577,symposium
1578,sell
1579,scale
1580,remarkable
1581,regulation
1582,region
1583,recollection
1584,realized
1585,reached
1586,pursue
1587,purification
1588,proposal
1589,presence
1590,possessed
1591,position
1592,plan
1593,open
1594,moon
1595,misery
1596,meanness
1597,invented
1598,interval
1599,innumerable
1600,immortality
1601,hurt
1602,framed
1603,fill
1604,feet
1605,fault
1606,fallen
1607,extreme
1608,extent
1609,diseases
1610,discussed
1611,dionysus
1612,created
1613,consistent
1614,commit
1615,commanders
1616,clearness
1617,civil
1618,arranged
1619,approve
1620,appeal
1621,analogy
1622,alive
1623,aged
1624,address
1625,wonderful
1626,whence
1627,votes
1628,variance
1629,vain
1630,uses
1631,united
1632,truer
1633,task
1634,tables
1635,suspect
1636,superiority
1637,standard
1638,social
1639,sixty
1640,sixth
1641,seriously
1642,selected
1643,rise
1644,represented
1645,removed
1646,reflect
1647,reasonable
1648,reach
1649,pythagorean
1650,progress
1651,preservation
1652,preceding
1653,physical
1654,overcome
1655,opposites
1656,objection
1657,nocturnal
1658,kinsmen
1659,intentionally
1660,inhabitants
1661,inference
1662,impious
1663,imitative
1664,imitations
1665,illustration
1666,hereafter
1667,harmonious
1668,grace
1669,governed
1670,glory
1671,fortunate
1672,formed
1673,facts
1674,exists
1675,excessive
1676,essence
1677,escaped
1678,effected
1679,divide
1680,distribution
1681,discover
1682,delight
1683,defendant
1684,declare
1685,dangerous
1686,damages
1687,contemplation
1688,cold
1689,blows
1690,began
1691,armed
1692,aristocracy
1693,ambition
1694,agreement
1695,acting
1696,virtuous
1697,variety
1698,treated
1699,touching
1700,touch
1701,thirst
1702,tend
1703,stone
1704,soil
1705,sir
1706,results
1707,reflections
1708,reduced
1709,quick
1710,proposed
1711,price
1712,plain
1713,patient
1714,passionate
1715,orders
1716,orderly
1717,opposition
1718,observation
1719,oath
1720,nurture
1721,neighbours
1722,mathematical
1723,limits
1724,lies
1725,leaves
1726,leader
1727,lawgivers
1728,kept
1729,instrument
1730,include
1731,imaginary
1732,friendly
1733,frame
1734,forty
1735,finally
1736,fiction
1737,fatal
1738,expressed
1739,examples
1740,ethics
1741,elsewhere
1742,elders
1743,defend
1744,creatures
1745,considerable
1746,colours
1747,civilized
1748,childhood
1749,charioteer
1750,careful
1751,birds
1752,attempts
1753,aside
1754,administration
1755,yours
1756,working
1757,wishes
1758,weaker
1759,voluntarily
1760,unholy
1761,truths
1762,throughout
1763,talk
1764,suited
1765,suffering
1766,stones
1767,standing
1768,spartans
1769,sophists
1770,slight
1771,shame
1772,retained
1773,relating
1774,regulate
1775,regards
1776,rare
1777,raise
1778,pursued
1779,punish
1780,profit
1781,proceeding
1782,praised
1783,poetical
1784,poems
1785,physicians
1786,persian
1787,payment
1788,needed
1789,nearer
1790,murderer
1791,mighty
1792,met
1793,lyre
1794,lord
1795,line
1796,leisure
1797,leaders
1798,keeping
1799,invention
1800,instruments
1801,insolence
1802,infer
1803,incurable
1804,including
1805,husbandman
1806,holding
1807,heir
1808,heads
1809,goddess
1810,forget
1811,followers
1812,exercised
1813,exceed
1814,examine
1815,enable
1816,egypt
1817,dishonour
1818,discipline
1819,directed
1820,dealings
1821,darkness
1822,dark
1823,contest
1824,constitutions
1825,condemned
1826,colour
1827,co
1828,cease
1829,carries
1830,blessings
1831,belongs
1832,beings
1833,beasts
1834,bearing
1835,assent
1836,around
1837,approach
1838,application
1839,anybody
1840,allows
1841,accept
1842,absence
1843,win
1844,verse
1845,unite
1846,turning
1847,troy
1848,tends
1849,studies
1850,statement
1851,spring
1852,spend
1853,solon
1854,slain
1855,scrutiny
1856,running
1857,road
1858,remainder
1859,refuses
1860,primitive
1861,previously
1862,population
1863,persians
1864,path
1865,opportunity
1866,nevertheless
1867,musician
1868,metic
1869,meeting
1870,mathematics
1871,materials
1872,lightly
1873,lacedaemonians
1874,interpreters
1875,inspiration
1876,information
1877,influences
1878,impose
1879,imagined
1880,g
1881,fulfil
1882,forbidden
1883,fix
1884,favour
1885,fate
1886,faith
1887,exchange
1888,eternal
1889,den
1890,define
1891,decline
1892,daily
1893,criticism
1894,cretans
1895,correct
1896,converse
1897,contemporaries
1898,companion
1899,charming
1900,changed
1901,calling
1902,calculation
1903,burial
1904,belong
1905,became
1906,basis
1907,assist
1908,asks
1909,ancestors
1910,agreeable
1911,advise
1912,wits
1913,wherever
1914,waste
1915,wanted
1916,trying
1917,treatment
1918,teacher
1919,struck
1920,square
1921,ships
1922,sheep
1923,severally
1924,seventh
1925,sailors
1926,roman
1927,represents
1928,reference
1929,readily
1930,proverb
1931,promise
1932,profitable
1933,prevented
1934,praising
1935,owner
1936,owing
1937,orphan
1938,notes
1939,naked
1940,months
1941,mixed
1942,misfortune
1943,mass
1944,marriages
1945,market
1946,lying
1947,lived
1948,likewise
1949,laugh
1950,journey
1951,introduction
1952,introduce
1953,included
1954,imagination
1955,ideals
1956,happens
1957,golden
1958,game
1959,gains
1960,gained
1961,fears
1962,desired
1963,design
1964,depth
1965,defined
1966,dangers
1967,corrupted
1968,conquered
1969,centre
1970,building
1971,borrowed
1972,blind
1973,awake
1974,apart
1975,analysis
1976,ago
1977,‘i
1978,weak
1979,warriors
1980,v
1981,using
1982,universe
1983,tyrants
1984,tribe
1985,tragic
1986,toil
1987,telling
1988,supposes
1989,suggested
1990,steps
1991,sought
1992,solid
1993,sick
1994,showing
1995,sensible
1996,risk
1997,remedy
1998,reasoning
1999,protection
2000,prevailed
2001,practical
2002,plays
2003,plaintiff
2004,piece
2005,perception
2006,paid
2007,omitted
2008,nobler
2009,neglected
2010,narrative
2011,moves
2012,motive
2013,monster
2014,model
2015,ministers
2016,mina
2017,maintained
2018,maidens
2019,luxury
2020,laying
2021,kills
2022,intellect
2023,implied
2024,hitherto
2025,hero
2026,hate
2027,govern
2028,gets
2029,fruits
2030,finger
2031,finding
2032,everybody
2033,errors
2034,endless
2035,enacted
2036,eat
2037,earthly
2038,earlier
2039,drones
2040,draws
2041,doctors
2042,disciples
2043,delphi
2044,degrees
2045,convinced
2046,contradiction
2047,contained
2048,conflict
2049,clearer
2050,calls
2051,c
2052,brass
2053,balance
2054,assuming
2055,artisans
2056,anywhere
2057,answering
2058,affection
2059,accustomed
2060,abstraction
2061,wrestling
2062,wave
2063,views
2064,venture
2065,type
2066,truest
2067,troublesome
2068,traces
2069,throw
2070,support
2071,succession
2072,succeed
2073,smaller
2074,sit
2075,silence
2076,righteous
2077,rescue
2078,recognize
2079,rarely
2080,rank
2081,priestesses
2082,pride
2083,practices
2084,offering
2085,occasions
2086,newly
2087,minae
2088,magnesian
2089,ludicrous
2090,leading
2091,intervals
2092,intelligible
2093,informed
2094,inflict
2095,inconsistent
2096,improved
2097,hymns
2098,heed
2099,healthy
2100,grant
2101,girls
2102,furnish
2103,forbid
2104,fly
2105,familiar
2106,exhibit
2107,engaged
2108,ends
2109,ear
2110,doctor
2111,disposition
2112,disgraceful
2113,discovery
2114,describes
2115,deceived
2116,criterion
2117,contrast
2118,contracts
2119,compositions
2120,communion
2121,colonists
2122,church
2123,careless
2124,captain
2125,bringing
2126,breed
2127,believes
2128,banished
2129,authors
2130,athene
2131,assign
2132,asking
2133,approved
2134,appointment
2135,admonition
2136,abroad
2137,‘and
2138,youths
2139,wronged
2140,warlike
2141,walls
2142,unfortunate
2143,unequal
2144,tyrtaeus
2145,teaching
2146,strike
2147,stream
2148,stories
2149,speculations
2150,spectators
2151,sold
2152,sides
2153,settlement
2154,separated
2155,safely
2156,ridicule
2157,reward
2158,refer
2159,profession
2160,probability
2161,posterity
2162,philebus
2163,perpetual
2164,obvious
2165,oaths
2166,nation
2167,mysteries
2168,murdered
2169,movements
2170,meets
2171,main
2172,looks
2173,limited
2174,learnt
2175,late
2176,lastly
2177,irrational
2178,intemperate
2179,impression
2180,imply
2181,hypotheses
2182,historical
2183,guilt
2184,gathered
2185,gather
2186,frequent
2187,extraordinary
2188,extend
2189,examiners
2190,english
2191,eighth
2192,effort
2193,driven
2194,dorian
2195,distribute
2196,disobedient
2197,dishonourable
2198,discourses
2199,desirous
2200,defect
2201,daughters
2202,cp
2203,correspond
2204,contain
2205,consists
2206,conduct
2207,complex
2208,circle
2209,century
2210,celebrated
2211,caused
2212,carrying
2213,buildings
2214,branch
2215,beneath
2216,beaten
2217,assert
2218,assemblies
2219,aspect
2220,arose
2221,argos
2222,appropriate
2223,accusation
2224,wounds
2225,wounded
2226,wound
2227,vulgar
2228,valiant
2229,unnecessary
2230,undoubtedly
2231,turns
2232,toils
2233,timocracy
2234,thou
2235,theme
2236,supreme
2237,summer
2238,submit
2239,springs
2240,spirited
2241,spindle
2242,socratic
2243,skilful
2244,shepherds
2245,shepherd
2246,sentiment
2247,school
2248,save
2249,satisfaction
2250,rhetoricians
2251,reflected
2252,ranks
2253,protagoras
2254,prophet
2255,produced
2256,preferred
2257,polity
2258,plane
2259,pity
2260,pieces
2261,phaedo
2262,persuaded
2263,parallel
2264,outline
2265,originally
2266,needs
2267,nearest
2268,murders
2269,movement
2270,motives
2271,motions
2272,monarchy
2273,minister
2274,mental
2275,mark
2276,management
2277,legal
2278,lands
2279,joy
2280,insight
2281,improve
2282,implies
2283,hears
2284,happiest
2285,guide
2286,greatness
2287,glorious
2288,forced
2289,fitted
2290,feast
2291,failure
2292,examination
2293,esteemed
2294,equals
2295,entrusted
2296,employed
2297,drachmae
2298,discord
2299,devoid
2300,depend
2301,democratic
2302,debt
2303,curious
2304,criminal
2305,cowardly
2306,connected
2307,combined
2308,christ
2309,buy
2310,built
2311,b
2312,avarice
2313,asclepius
2314,arisen
2315,antiquity
2316,ancients
2317,aid
2318,affirmed
2319,advice
2320,advance
2321,abstractions
2322,‘a
2323,yield
2324,worship
2325,wing
2326,waters
2327,wars
2328,wait
2329,victor
2330,unintentionally
2331,twelfth
2332,trace
2333,theirs
2334,struggle
2335,steeds
2336,speculation
2337,space
2338,skilled
2339,sitting
2340,singing
2341,settled
2342,seeming
2343,security
2344,scheme
2345,river
2346,resist
2347,request
2348,represent
2349,report
2350,realize
2351,putting
2352,proposes
2353,prevails
2354,precisely
2355,plants
2356,permit
2357,perform
2358,outside
2359,ordinances
2360,openly
2361,occurred
2362,obedient
2363,nowhere
2364,named
2365,muse
2366,merit
2367,melodies
2368,manly
2369,logic
2370,local
2371,literary
2372,lifeless
2373,lesson
2374,legislating
2375,lawless
2376,invent
2377,insist
2378,infinite
2379,indulgence
2380,inasmuch
2381,imprisoned
2382,implant
2383,ignoble
2384,hunger
2385,hatred
2386,grounds
2387,funeral
2388,fool
2389,fond
2390,flute
2391,flow
2392,fitting
2393,favourite
2394,execute
2395,establish
2396,er
2397,enmity
2398,eager
2399,dying
2400,drawing
2401,dramatic
2402,disobeys
2403,dishonoured
2404,difficulties
2405,development
2406,designed
2407,demand
2408,declares
2409,declared
2410,dawn
2411,cubed
2412,coward
2413,consequences
2414,confused
2415,compulsion
2416,comedy
2417,choosing
2418,caught
2419,capacity
2420,break
2421,blamed
2422,beheld
2423,attainment
2424,attached
2425,appetites
2426,agamemnon
2427,afford
2428,adopted
2429,adopt
2430,acquisition
2431,absurd
2432,absent
2433,”
2434,wrongs
2435,weapons
2436,utility
2437,unworthy
2438,uncertain
2439,trials
2440,thrown
2441,theatre
2442,tested
2443,supplied
2444,statue
2445,statesmen
2446,stages
2447,sober
2448,sin
2449,sights
2450,secondary
2451,satisfy
2452,safe
2453,rhetorical
2454,representation
2455,reformation
2456,purified
2457,pupils
2458,proves
2459,proportions
2460,propitiated
2461,prizes
2462,preside
2463,politicians
2464,permanent
2465,occupations
2466,occupation
2467,obtained
2468,myth
2469,mouth
2470,married
2471,lusts
2472,justified
2473,iv
2474,irony
2475,internal
2476,induced
2477,increasing
2478,impossibility
2479,imposed
2480,iii
2481,ii
2482,hopes
2483,hearts
2484,hearers
2485,happened
2486,growing
2487,granted
2488,gorgias
2489,forgive
2490,finished
2491,fell
2492,fast
2493,falling
2494,expedition
2495,evident
2496,enforced
2497,educate
2498,easier
2499,drinks
2500,doubtless
2501,distant
2502,disorders
2503,dialectical
2504,detected
2505,deities
2506,deceased
2507,debts
2508,date
2509,damage
2510,cut
2511,cured
2512,credit
2513,craftsmen
2514,corrupt
2515,convivial
2516,conviction
2517,continued
2518,content
2519,contend
2520,constantly
2521,consist
2522,consecrated
2523,conform
2524,conceit
2525,commands
2526,column
2527,cobbler
2528,circumstance
2529,ceased
2530,cares
2531,bridegroom
2532,borders
2533,belonging
2534,believing
2535,begotten
2536,bears
2537,badness
2538,attended
2539,attaining
2540,ascend
2541,artists
2542,arrange
2543,armour
2544,appearances
2545,amusements
2546,ambitious
2547,allusion
2548,allegory
2549,affect
2550,aeschylus
2551,admits
2552,actually
2553,accompanied
2554,‘what
2555,‘he
2556,—that
2557,ye
2558,winged
2559,wickedness
2560,white
2561,voices
2562,vessel
2563,verses
2564,uttered
2565,tree
2566,transferred
2567,traditions
2568,trader
2569,throwing
2570,thrice
2571,thither
2572,thief
2573,tended
2574,superintend
2575,suddenly
2576,studied
2577,students
2578,stripes
2579,straight
2580,steed
2581,steals
2582,spectator
2583,specially
2584,sorrows
2585,somewhat
2586,silent
2587,severe
2588,seeks
2589,scene
2590,savage
2591,safety
2592,runs
2593,ruled
2594,rising
2595,rights
2596,reproach
2597,remind
2598,relatives
2599,registered
2600,regarding
2601,referring
2602,recourse
2603,reckoned
2604,reading
2605,raising
2606,races
2607,quickly
2608,puts
2609,prohibited
2610,proclamation
2611,prison
2612,pleased
2613,pindar
2614,personal
2615,permission
2616,pericles
2617,partake
2618,parable
2619,palm
2620,painful
2621,objections
2622,mystery
2623,mutual
2624,morning
2625,monstrous
2626,minos
2627,mingled
2628,metre
2629,meats
2630,lycurgus
2631,loving
2632,looked
2633,lawful
2634,kin
2635,judging
2636,jealous
2637,isocrates
2638,introducing
2639,interpreter
2640,inner
2641,ingenious
2642,increased
2643,impulse
2644,imitating
2645,hurtful
2646,greece
2647,gradually
2648,governors
2649,gifted
2650,fruit
2651,founded
2652,forgetfulness
2653,faint
2654,failed
2655,exhibited
2656,ethical
2657,essential
2658,enjoy
2659,doubtful
2660,disorderly
2661,disappeared
2662,dignity
2663,devoted
2664,destiny
2665,deserve
2666,depends
2667,denied
2668,democratical
2669,defeated
2670,deeply
2671,dedicated
2672,deceive
2673,decay
2674,cube
2675,creations
2676,count
2677,convenient
2678,contains
2679,conquer
2680,connection
2681,commensurable
2682,cnosians
2683,clever
2684,ceremonies
2685,capital
2686,candidates
2687,border
2688,bonds
2689,begun
2690,begetting
2691,assertion
2692,ascribed
2693,applies
2694,apparently
2695,another’s
2696,adding
2697,ability
2698,‘you
2699,‘that
2700,—he
2701,youthful
2702,wrath
2703,worn
2704,wood
2705,wisest
2706,wide
2707,visited
2708,vessels
2709,verily
2710,unseen
2711,unrighteous
2712,unmeaning
2713,troubles
2714,treat
2715,touches
2716,terror
2717,teaches
2718,suffers
2719,suffered
2720,succeeded
2721,substance
2722,strongly
2723,strings
2724,striking
2725,strictly
2726,start
2727,spent
2728,sooner
2729,sketch
2730,sisters
2731,shield
2732,setting
2733,seller
2734,seed
2735,saviours
2736,saviour
2737,returning
2738,replies
2739,remedies
2740,rejected
2741,recognized
2742,purposes
2743,provision
2744,proving
2745,propriety
2746,prophets
2747,producing
2748,procreation
2749,privileges
2750,prescribed
2751,preparation
2752,possessor
2753,poem
2754,player
2755,pictures
2756,perfected
2757,outward
2758,orator
2759,omission
2760,oligarch
2761,obliged
2762,measures
2763,majority
2764,luxurious
2765,losing
2766,lion
2767,lighter
2768,licence
2769,learns
2770,laughter
2771,laughing
2772,lasting
2773,lachesis
2774,involuntarily
2775,introduces
2776,intemperance
2777,instances
2778,insatiable
2779,inherited
2780,inherent
2781,implements
2782,imitated
2783,household
2784,hot
2785,hill
2786,height
2787,hateful
2788,harbours
2789,happier
2790,grave
2791,grandfather
2792,glad
2793,gentlemen
2794,gentleman
2795,fought
2796,formerly
2797,flesh
2798,fifteen
2799,favourable
2800,fanciful
2801,extending
2802,expressions
2803,experienced
2804,enthusiasm
2805,entertained
2806,entertain
2807,enslave
2808,employment
2809,effects
2810,drunken
2811,dissolution
2812,disputes
2813,dislike
2814,devised
2815,desirable
2816,descendants
2817,descend
2818,demigods
2819,deliver
2820,delighted
2821,deficient
2822,curable
2823,cultivation
2824,cry
2825,creative
2826,convince
2827,continuance
2828,considers
2829,confidence
2830,concerns
2831,comprehended
2832,completely
2833,commonwealth
2834,close
2835,civilization
2836,changing
2837,bold
2838,banish
2839,attack
2840,athletes
2841,arising
2842,approval
2843,anaxagoras
2844,altars
2845,allowing
2846,affections
2847,admitting
2848,achaeans
2849,accepted
2850,abode
2851,‘but
2852,wit
2853,wiser
2854,weary
2855,wealthy
2856,victims
2857,victim
2858,veil
2859,vast
2860,usual
2861,uneducated
2862,tie
2863,threaten
2864,tedious
2865,sympathy
2866,symp
2867,suspicion
2868,surprised
2869,suggests
2870,sufferings
2871,stay
2872,sports
2873,spirits
2874,sophocles
2875,solids
2876,solemn
2877,soft
2878,sins
2879,simonides
2880,sentiments
2881,sells
2882,selling
2883,seeds
2884,season
2885,scattered
2886,satisfactory
2887,robbers
2888,returned
2889,restored
2890,requiring
2891,rep
2892,remnant
2893,rejoice
2894,reject
2895,reign
2896,refusing
2897,refrain
2898,referred
2899,reader
2900,ratio
2901,quantity
2902,purgation
2903,purely
2904,providing
2905,protected
2906,prosperity
2907,procedure
2908,probable
2909,priest
2910,presiding
2911,prepared
2912,prepare
2913,precise
2914,pre
2915,practising
2916,potion
2917,plenty
2918,players
2919,persuading
2920,partakes
2921,pair
2922,painting
2923,owes
2924,opponent
2925,olympic
2926,offerings
2927,odysseus
2928,occupied
2929,nine
2930,modesty
2931,mightiest
2932,messene
2933,mentioning
2934,mathematician
2935,maintains
2936,lowest
2937,loses
2938,kai
2939,ix
2940,invisible
2941,interpretation
2942,interesting
2943,inscribed
2944,infancy
2945,indulge
2946,indolence
2947,inconsistency
2948,implanted
2949,imparted
2950,immediately
2951,imitators
2952,imitates
2953,illustrations
2954,illusion
2955,hymn
2956,honouring
2957,homeric
2958,genuine
2959,generations
2960,functions
2961,freely
2962,fourthly
2963,founders
2964,flattery
2965,fined
2966,field
2967,fashions
2968,fain
2969,extremity
2970,extended
2971,expressive
2972,events
2973,evening
2974,estimate
2975,envy
2976,enquiring
2977,endurance
2978,employ
2979,egyptians
2980,drone
2981,drachmas
2982,dominion
2983,diviner
2984,distinctly
2985,discretion
2986,disagreeable
2987,direct
2988,determining
2989,despise
2990,deserving
2991,deserves
2992,deposit
2993,dependent
2994,delights
2995,definite
2996,defects
2997,deceit
2998,de
2999,curse
3000,cultivated
3001,cruel
3002,crowned
3003,crown
3004,critias
3005,converted
3006,construction
3007,conscious
3008,conceptions
3009,communism
3010,commanded
3011,combine
3012,combinations
3013,camp
3014,calm
3015,buried
3016,bride
3017,breaks
3018,boy
3019,blessing
3020,beget
3021,battles
3022,assumed
3023,assistance
3024,arrives
3025,arbiters
3026,apparent
3027,alternative
3028,altar
3029,agrees
3030,admirable
3031,acquaintance
3032,abstinence
3033,absorbed
3034,‘they
3035,‘no
3036,—and
3037,whoever
3038,weight
3039,watched
3040,village
3041,victors
3042,vicious
3043,vices
3044,vi
3045,valour
3046,utopia
3047,unjustly
3048,trust
3049,treasure
3050,traders
3051,town
3052,title
3053,till
3054,thieves
3055,thesis
3056,terrors
3057,tame
3058,table
3059,surface
3060,superintendence
3061,sung
3062,suggest
3063,streams
3064,stock
3065,stamp
3066,st
3067,squared
3068,slays
3069,situation
3070,signs
3071,sentences
3072,sensual
3073,schools
3074,sanction
3075,sale
3076,sad
3077,revelation
3078,retain
3079,resemblances
3080,reputed
3081,repeating
3082,remembered
3083,remarked
3084,release
3085,recognise
3086,rebuke
3087,realities
3088,reaction
3089,range
3090,qualified
3091,pythagoreans
3092,purple
3093,purity
3094,pupil
3095,publicly
3096,proclaim
3097,prisoners
3098,preliminary
3099,prefers
3100,precepts
3101,powerful
3102,possesses
3103,pleasantest
3104,playing
3105,placing
3106,pitied
3107,performed
3108,owners
3109,ordering
3110,oppose
3111,opponents
3112,operate
3113,offenders
3114,nurse
3115,notice
3116,nonsense
3117,ninth
3118,models
3119,miserly
3120,minute
3121,methods
3122,meetings
3123,makers
3124,maintaining
3125,lyric
3126,loved
3127,lips
3128,lines
3129,limbs
3130,kinsman
3131,keeps
3132,keen
3133,instant
3134,inseparable
3135,injure
3136,indulges
3137,indict
3138,indicated
3139,impress
3140,imagines
3141,husbandry
3142,humanity
3143,host
3144,highly
3145,hesitation
3146,herald
3147,hated
3148,happily
3149,gymnasia
3150,governing
3151,forming
3152,forces
3153,forbidding
3154,flatterers
3155,firmly
3156,fancying
3157,extremes
3158,extravagance
3159,explaining
3160,expiration
3161,executed
3162,enjoyment
3163,enactment
3164,enact
3165,embodied
3166,egyptian
3167,east
3168,earliest
3169,dwells
3170,dreadful
3171,draught
3172,doubts
3173,disputed
3174,discussions
3175,differs
3176,diet
3177,detail
3178,deprive
3179,departed
3180,demi
3181,deeper
3182,declaring
3183,deception
3184,darius
3185,customary
3186,contrive
3187,continuous
3188,contention
3189,constructed
3190,constituted
3191,consciousness
3192,composite
3193,compete
3194,compares
3195,comparative
3196,commencement
3197,comic
3198,citizenship
3199,chiefs
3200,charges
3201,chaos
3202,cavalry
3203,buying
3204,brethren
3205,branches
3206,bids
3207,bid
3208,beg
3209,beds
3210,axis
3211,auxiliaries
3212,attempting
3213,atropos
3214,assured
3215,associated
3216,assigning
3217,aspiration
3218,arguing
3219,admission
3220,acquainted
3221,accused
3222,accidental
3223,abundance
3224,‘to
3225,‘not
3226,—i
3227,yourselves
3228,wrongly
3229,wolves
3230,wills
3231,whorl
3232,whither
3233,wax
3234,walking
3235,visit
3236,violation
3237,vii
3238,vacant
3239,universals
3240,understands
3241,trees
3242,tragedians
3243,touched
3244,thucydides
3245,throws
3246,thirteen
3247,thinkers
3248,thank
3249,tempers
3250,systems
3251,syssitia
3252,swiftness
3253,sureties
3254,success
3255,strife
3256,streets
3257,storm
3258,stings
3259,speculative
3260,smallest
3261,size
3262,sign
3263,shorter
3264,sets
3265,serving
3266,series
3267,sending
3268,saving
3269,sanctioned
3270,sailor
3271,sacrilege
3272,rough
3273,root
3274,room
3275,rogue
3276,ring
3277,rhetorician
3278,retains
3279,rests
3280,respective
3281,resemble
3282,resemblance
3283,repose
3284,render
3285,relate
3286,refused
3287,reasonably
3288,quiet
3289,purify
3290,provisions
3291,protect
3292,prophetic
3293,prohibition
3294,produces
3295,preserves
3296,presented
3297,plant
3298,performance
3299,perceived
3300,ordained
3301,omit
3302,omen
3303,offers
3304,occurring
3305,observing
3306,noted
3307,necessities
3308,necessaries
3309,narrow
3310,narration
3311,mountains
3312,mob
3313,mixture
3314,mistress
3315,mingling
3316,mine
3317,medium
3318,meaner
3319,manage
3320,maiden
3321,madman
3322,lust
3323,low
3324,literally
3325,liked
3326,lets
3327,lamentation
3328,labours
3329,keeper
3330,issue
3331,island
3332,inward
3333,intoxication
3334,instituted
3335,insists
3336,injures
3337,infant
3338,includes
3339,incline
3340,inanimate
3341,impart
3342,idle
3343,hurts
3344,horseback
3345,holiness
3346,hidden
3347,heavier
3348,healing
3349,guidance
3350,grasshoppers
3351,grapes
3352,gracious
3353,gladly
3354,fractions
3355,fountains
3356,fountain
3357,foreigner
3358,feels
3359,feed
3360,fearless
3361,fame
3362,failing
3363,extravagant
3364,explains
3365,exiles
3366,exclusive
3367,excluded
3368,exactness
3369,etc
3370,err
3371,entered
3372,enslaved
3373,eminent
3374,eighteen
3375,ebook
3376,drunkenness
3377,drunk
3378,drachma
3379,doubled
3380,dividing
3381,divert
3382,dislikes
3383,discredit
3384,discoursing
3385,died
3386,devise
3387,despised
3388,deserted
3389,demands
3390,declining
3391,creates
3392,contempt
3393,consistency
3394,conclusions
3395,concern
3396,competitors
3397,communicate
3398,clotho
3399,chose
3400,choral
3401,chastise
3402,chariot
3403,characteristics
3404,censures
3405,ceases
3406,cave
3407,carefully
3408,burden
3409,breast
3410,breadth
3411,boldly
3412,benefits
3413,beneficial
3414,beholds
3415,bastard
3416,bacon
3417,audience
3418,attributes
3419,attains
3420,associate
3421,ariston
3422,argues
3423,approves
3424,applications
3425,affirms
3426,affinity
3427,adequately
3428,adds
3429,accord
3430,accompany
3431,absurdity
3432,—in
3433,—first
3434,willingly
3435,whichever
3436,wheel
3437,weeping
3438,web
3439,warm
3440,waking
3441,voting
3442,upward
3443,unpunished
3444,unlawful
3445,undergone
3446,twofold
3447,tries
3448,trainer
3449,tone
3450,tim
3451,throne
3452,theology
3453,territory
3454,teeth
3455,tax
3456,tastes
3457,tactics
3458,tablet
3459,swift
3460,swear
3461,surrounding
3462,surprising
3463,supposition
3464,suicidal
3465,sufferer
3466,sudden
3467,stricken
3468,steal
3469,starting
3470,stands
3471,spoil
3472,spiritual
3473,spending
3474,speedily
3475,sources
3476,softness
3477,smite
3478,similarity
3479,sickness
3480,showed
3481,seldom
3482,seal
3483,sacredness
3484,rock
3485,reserved
3486,representative
3487,rendered
3488,remote
3489,reminded
3490,remembrance
3491,reflecting
3492,reconcile
3493,recognizes
3494,recall
3495,pythian
3496,pursuing
3497,puppet
3498,punishes
3499,pull
3500,proceeded
3501,problems
3502,preludes
3503,praying
3504,positive
3505,perplexity
3506,patients
3507,paths
3508,partially
3509,partial
3510,owe
3511,ordains
3512,opening
3513,olympian
3514,oldest
3515,offend
3516,obeys
3517,nursing
3518,numberless
3519,naval
3520,myriads
3521,morals
3522,metaphysical
3523,message
3524,merchants
3525,maxims
3526,material
3527,manhood
3528,managed
3529,males
3530,magnificence
3531,loose
3532,longest
3533,licentiousness
3534,legitimate
3535,lamentations
3536,kingdoms
3537,kindly
3538,killed
3539,jealousy
3540,irregular
3541,invited
3542,intolerable
3543,intimate
3544,intelligent
3545,instructed
3546,instinct
3547,inspire
3548,innovation
3549,infinitely
3550,inferiority
3551,indolent
3552,inclines
3553,impunity
3554,imprisonment
3555,imperfectly
3556,humour
3557,hindered
3558,hinder
3559,hestia
3560,hesitate
3561,heroic
3562,hephaestus
3563,hates
3564,handle
3565,guards
3566,gently
3567,fundamental
3568,fraud
3569,framing
3570,flowing
3571,flocks
3572,flock
3573,flatter
3574,fines
3575,finer
3576,figs
3577,fierce
3578,festive
3579,females
3580,feasts
3581,faction
3582,explanations
3583,expeditions
3584,exiled
3585,excited
3586,exceeds
3587,evidently
3588,europe
3589,enters
3590,enquiries
3591,endured
3592,ending
3593,encouraged
3594,elections
3595,dwellings
3596,dry
3597,downwards
3598,divers
3599,disturbed
3600,districts
3601,distributed
3602,distinctions
3603,disordered
3604,disobey
3605,dishonesty
3606,diseased
3607,discuss
3608,disciple
3609,discern
3610,directly
3611,dialectician
3612,descending
3613,derive
3614,degeneracy
3615,deep
3616,deems
3617,d
3618,cyrus
3619,cycle
3620,crooked
3621,creator
3622,craft
3623,cover
3624,correction
3625,copy
3626,conversion
3627,constant
3628,considerations
3629,connect
3630,comprehend
3631,competition
3632,compels
3633,cnosus
3634,closely
3635,cicero
3636,chains
3637,censured
3638,cattle
3639,brute
3640,black
3641,births
3642,bind
3643,behaviour
3644,bees
3645,barbarous
3646,asserted
3647,aspects
3648,asleep
3649,ascertain
3650,artisan
3651,arrangements
3652,armies
3653,arithmetical
3654,approaches
3655,appearing
3656,anticipation
3657,annually
3658,annual
3659,amusing
3660,altered
3661,ally
3662,allies
3663,agriculture
3664,agent
3665,advantageous
3666,addressed
3667,across
3668,acquiring
3669,accident
3670,abiding
3671,abide
3672,‘yes
3673,‘very
3674,‘then
3675,—a
3676,zeal
3677,workman
3678,withdraw
3679,wisely
3680,winter
3681,weaving
3682,wearing
3683,wear
3684,warfare
3685,wantonness
3686,voyage
3687,viz
3688,visions
3689,victories
3690,variations
3691,variation
3692,valued
3693,unwritten
3694,untrue
3695,unsuitable
3696,unmarried
3697,underground
3698,trusting
3699,trusted
3700,trojan
3701,tribute
3702,triangle
3703,treatise
3704,treason
3705,travel
3706,transition
3707,trades
3708,tools
3709,thracians
3710,theuth
3711,thamus
3712,text
3713,superiors
3714,superintendents
3715,superficial
3716,summed
3717,successive
3718,subtle
3719,strongest
3720,spheres
3721,species
3722,speakers
3723,spare
3724,soothing
3725,softer
3726,smooth
3727,sits
3728,similarly
3729,shore
3730,shakespeare
3731,severity
3732,settle
3733,services
3734,served
3735,sepulchre
3736,separation
3737,sentence
3738,secure
3739,sailing
3740,rogues
3741,rival
3742,riding
3743,revolutions
3744,revealed
3745,retribution
3746,restrained
3747,restore
3748,restitution
3749,resting
3750,resolution
3751,remained
3752,registers
3753,reception
3754,recently
3755,quarrelling
3756,proven
3757,protector
3758,profess
3759,privilege
3760,prevents
3761,preparing
3762,precedence
3763,pollution
3764,polities
3765,politician
3766,planets
3767,plainly
3768,plainer
3769,pilots
3770,phenomena
3771,pervades
3772,permanence
3773,perished
3774,periods
3775,performing
3776,paying
3777,patroclus
3778,pastime
3779,paradoxes
3780,orpheus
3781,originality
3782,ordain
3783,oration
3784,oracles
3785,oblong
3786,nymphs
3787,numerical
3788,novelty
3789,notwithstanding
3790,neighbourhood
3791,native
3792,nameless
3793,mysterious
3794,musicians
3795,multiplied
3796,mirror
3797,minor
3798,metics
3799,mercy
3800,mercenaries
3801,men’s
3802,meat
3803,mature
3804,marvellous
3805,marathon
3806,malice
3807,maintenance
3808,lydian
3809,lords
3810,longing
3811,lofty
3812,lively
3813,lessons
3814,lack
3815,justest
3816,judgments
3817,joined
3818,ironical
3819,invite
3820,interfere
3821,intending
3822,insolent
3823,insensibly
3824,inscribe
3825,innocence
3826,injuries
3827,infinity
3828,inevitably
3829,inevitable
3830,indignant
3831,indicted
3832,inconceivable
3833,incomplete
3834,improving
3835,impropriety
3836,imposes
3837,humble
3838,hospitality
3839,horsemanship
3840,honey
3841,honesty
3842,hint
3843,heights
3844,harp
3845,handed
3846,habitations
3847,guiding
3848,guided
3849,guess
3850,grand
3851,gradual
3852,goats
3853,geometrical
3854,gentleness
3855,generous
3856,garlands
3857,furnishes
3858,fully
3859,fulfilled
3860,freedman
3861,fragments
3862,fortunes
3863,foreigners
3864,flying
3865,flower
3866,firm
3867,fights
3868,feeding
3869,features
3870,fearful
3871,fancied
3872,falsely
3873,factions
3874,expresses
3875,excuse
3876,exclude
3877,exceeding
3878,everlasting
3879,epimenides
3880,energy
3881,encourage
3882,elevate
3883,efforts
3884,echo
3885,ease
3886,earnestness
3887,dreams
3888,draughts
3889,dragged
3890,doors
3891,domestic
3892,distinguishing
3893,dispositions
3894,dismissed
3895,dishonest
3896,discussing
3897,diminution
3898,destroying
3899,democrat
3900,deluge
3901,delivered
3902,deity
3903,degraded
3904,defeat
3905,dearest
3906,culture
3907,crowd
3908,cronos
3909,criminals
3910,counsels
3911,correlation
3912,corn
3913,conversely
3914,contribute
3915,contemporary
3916,consisting
3917,conquering
3918,conjecture
3919,confuse
3920,confirmed
3921,confident
3922,confess
3923,confer
3924,conducive
3925,concupiscent
3926,concealment
3927,concealed
3928,compose
3929,compensation
3930,compelling
3931,comparing
3932,commerce
3933,combination
3934,coincide
3935,coat
3936,cleverness
3937,claims
3938,circular
3939,childish
3940,charged
3941,certainty
3942,catch
3943,calamity
3944,builder
3945,build
3946,broken
3947,breeding
3948,breath
3949,boxing
3950,blow
3951,blameless
3952,bit
3953,bidding
3954,bidden
3955,beholding
3956,behave
3957,beginnings
3958,begging
3959,beat
3960,barren
3961,balanced
3962,bacchic
3963,awakened
3964,avoiding
3965,avoided
3966,attending
3967,assumes
3968,associations
3969,associates
3970,assembled
3971,aspirations
3972,ascent
3973,artificial
3974,array
3975,arouse
3976,aristotle’s
3977,ares
3978,ardiaeus
3979,archery
3980,apprehending
3981,appreciate
3982,apology
3983,antagonism
3984,ancestor
3985,alter
3986,alliance
3987,affirming
3988,adulteration
3989,adequate
3990,actors
3991,acted
3992,acquires
3993,acknowledges
3994,accompanying
3995,accidents
3996,acceptable
3997,abusive
3998,abominable
3999,‘in
4000,—which
4001,—to
4002,xerxes
4003,wounding
4004,worked
4005,won
4006,wins
4007,winds
4008,wheat
4009,welcome
4010,watching
4011,wandering
4012,votaries
4013,villages
4014,vehicle
4015,utopians
4016,urged
4017,unpleasant
4018,unions
4019,undertake
4020,unbelievers
4021,unbelief
4022,unbecoming
4023,troops
4024,tricks
4025,translated
4026,topics
4027,timber
4028,thomas
4029,thinker
4030,theseus
4031,thereby
4032,theories
4033,temptations
4034,temptation
4035,temperament
4036,sustained
4037,surround
4038,surplus
4039,superstition
4040,superintending
4041,superintendent
4042,suggestion
4043,succeeding
4044,subjection
4045,subjected
4046,subdivided
4047,stupid
4048,structure
4049,strikes
4050,stir
4051,star
4052,spurious
4053,spread
4054,sport
4055,sow
4056,sophistical
4057,solely
4058,slow
4059,slayer
4060,slay
4061,slavish
4062,simpler
4063,sickly
4064,sicily
4065,shut
4066,shoes
4067,shoemaker
4068,seventy
4069,serves
4070,seriousness
4071,separates
4072,senseless
4073,seat
4074,searching
4075,scythians
4076,scientific
4077,scholars
4078,salamis
4079,rushes
4080,rush
4081,ruined
4082,robbing
4083,rivals
4084,rises
4085,rhadamanthus
4086,review
4087,responsibility
4088,resembles
4089,reproaches
4090,rendering
4091,reminding
4092,reluctant
4093,religions
4094,reins
4095,refusal
4096,recover
4097,reconciled
4098,recited
4099,reappears
4100,reaching
4101,reaches
4102,rain
4103,quoted
4104,quicker
4105,qualification
4106,puzzled
4107,pursues
4108,purchase
4109,prytanes
4110,prudence
4111,prospect
4112,prosecuted
4113,prosecute
4114,proposition
4115,propitiate
4116,prophecy
4117,promote
4118,promised
4119,proceedings
4120,problem
4121,privately
4122,priority
4123,priori
4124,primary
4125,prices
4126,prevalent
4127,prevailing
4128,pretty
4129,pressure
4130,preserving
4131,prescribes
4132,prescribe
4133,premeditation
4134,preambles
4135,possessing
4136,pleasing
4137,pious
4138,pilgrims
4139,pilgrimage
4140,philosophic
4141,perplexed
4142,perjury
4143,perceiving
4144,peoples
4145,pays
4146,patterns
4147,partner
4148,particularly
4149,parricide
4150,paint
4151,overtaken
4152,outer
4153,ornament
4154,originate
4155,operation
4156,omitting
4157,oh
4158,odd
4159,occurrence
4160,obtaining
4161,observes
4162,obscurity
4163,nobody
4164,neglects
4165,navigation
4166,national
4167,multiply
4168,mouths
4169,modest
4170,mischief
4171,mingle
4172,minded
4173,midst
4174,metal
4175,messenger
4176,memories
4177,matrons
4178,match
4179,mastery
4180,martial
4181,maritime
4182,magnetes
4183,magistracy
4184,magic
4185,loser
4186,listening
4187,lifted
4188,licentious
4189,lazy
4190,lawlessness
4191,largest
4192,judicial
4193,jowett
4194,irreversible
4195,involves
4196,investigation
4197,intimation
4198,interpret
4199,interested
4200,intent
4201,instructor
4202,instruct
4203,institute
4204,injuring
4205,inheritance
4206,inhabitant
4207,ingenuity
4208,inferiors
4209,infants
4210,inequality
4211,indirect
4212,indicates
4213,illustrious
4214,illustrate
4215,ilium
4216,idleness
4217,idealism
4218,hymeneal
4219,hurry
4220,hook
4221,honest
4222,hither
4223,hire
4224,herd
4225,heap
4226,harsh
4227,harmonized
4228,hades
4229,grasp
4230,goal
4231,giver
4232,gestures
4233,gesture
4234,gentler
4235,garments
4236,fulfilment
4237,front
4238,frenzy
4239,fourfold
4240,founding
4241,formula
4242,forgetting
4243,forgets
4244,forbids
4245,flows
4246,finish
4247,fictions
4248,fellows
4249,feeble
4250,feature
4251,father’s
4252,fates
4253,faithful
4254,extremely
4255,extension
4256,extends
4257,expulsion
4258,expressing
4259,experiences
4260,excused
4261,euripides
4262,establishment
4263,establishing
4264,escaping
4265,epic
4266,entrust
4267,empty
4268,employments
4269,elevating
4270,elevated
4271,elapsed
4272,eight
4273,educating
4274,easiest
4275,earnestly
4276,dull
4277,drug
4278,dress
4279,dorians
4280,doer
4281,distraction
4282,dissatisfied
4283,disinterested
4284,discoveries
4285,disappear
4286,directors
4287,dionysiac
4288,diminished
4289,differently
4290,developed
4291,destitute
4292,desert
4293,deposited
4294,departure
4295,delphian
4296,delay
4297,degrade
4298,deformity
4299,dedicate
4300,cries
4301,creating
4302,covetous
4303,counted
4304,counsellors
4305,couches
4306,corrupting
4307,conventional
4308,controversy
4309,contrivance
4310,contradictory
4311,continues
4312,contending
4313,contemplate
4314,containing
4315,consolation
4316,confiscated
4317,condemn
4318,commanding
4319,commander
4320,cobblers
4321,clothed
4322,cleitophon
4323,clean
4324,claimed
4325,circles
4326,chiefest
4327,charioteers
4328,centuries
4329,captive
4330,bright
4331,briefly
4332,bridle
4333,bred
4334,bravest
4335,bosom
4336,bond
4337,blames
4338,beliefs
4339,beforehand
4340,band
4341,badly
4342,awe
4343,award
4344,avaricious
4345,autumn
4346,attracted
4347,attendants
4348,attach
4349,atmosphere
4350,athlete
4351,assisted
4352,asserts
4353,articles
4354,arm
4355,argued
4356,apprehension
4357,applicable
4358,appeased
4359,appeals
4360,anticipated
4361,anticipate
4362,amused
4363,amenable
4364,affords
4365,affects
4366,affair
4367,advocate
4368,adulterated
4369,admiration
4370,administered
4371,active
4372,acquitted
4373,acknowledging
4374,accuse
4375,accusations
4376,accuracy
4377,accomplish
4378,‘whether
4379,‘when
4380,‘do
4381,‘certainly
4382,—when
4383,—what
4384,—let
4385,—how
4386,—but
4387,—as
4388,zeller
4389,yoke
4390,yearly
4391,xii
4392,xenophon
4393,wrote
4394,wretched
4395,woven
4396,wool
4397,woof
4398,wind
4399,widely
4400,west
4401,warp
4402,walks
4403,waiting
4404,viii
4405,vigour
4406,viewed
4407,vein
4408,veiled
4409,varieties
4410,uttering
4411,utilitarian
4412,usefulness
4413,unusual
4414,unseemly
4415,unseemliness
4416,unimportant
4417,unequals
4418,undetected
4419,undermined
4420,undergoing
4421,uncultivated
4422,unconscious
4423,unchangeable
4424,unacquainted
4425,tyrannies
4426,types
4427,tutors
4428,trifling
4429,tribunal
4430,treats
4431,transposition
4432,trampled
4433,traditional
4434,track
4435,total
4436,torch
4437,tongue
4438,tomb
4439,tisias
4440,timocratical
4441,thread
4442,thousands
4443,thirsty
4444,therein
4445,theaetetus
4446,testimony
4447,tendencies
4448,taxes
4449,symbol
4450,swiftest
4451,survivors
4452,survey
4453,surprise
4454,supervision
4455,superseded
4456,summoned
4457,sue
4458,substances
4459,student
4460,strive
4461,stripped
4462,strict
4463,strengthen
4464,stop
4465,stesichorus
4466,steep
4467,stealing
4468,statues
4469,stated
4470,starts
4471,stallbaum
4472,stadia
4473,stability
4474,spots
4475,spite
4476,spends
4477,spangled
4478,somewhere
4479,somebody
4480,solution
4481,societies
4482,slender
4483,sinning
4484,similarities
4485,silenced
4486,shrink
4487,shopkeepers
4488,shop
4489,shining
4490,shell
4491,shared
4492,shameless
4493,severer
4494,severely
4495,sepulchres
4496,sensation
4497,senators
4498,secretly
4499,sealed
4500,scarcely
4501,sayings
4502,sappho
4503,sages
4504,safer
4505,rude
4506,routine
4507,roof
4508,romance
4509,roar
4510,rhythmical
4511,rhapsodists
4512,revenge
4513,retaliate
4514,restrain
4515,restless
4516,responsible
4517,respectable
4518,resides
4519,representatives
4520,representations
4521,repeats
4522,renounce
4523,remembering
4524,released
4525,related
4526,rejoices
4527,rejecting
4528,regulating
4529,refuted
4530,reform
4531,refers
4532,reduce
4533,recurring
4534,recorded
4535,recognition
4536,recantation
4537,rebellious
4538,re
4539,rapid
4540,quotes
4541,quarrels
4542,purged
4543,purer
4544,puppets
4545,psychology
4546,provides
4547,prosper
4548,proposing
4549,proposals
4550,properties
4551,proofs
4552,project
4553,professors
4554,professional
4555,professing
4556,production
4557,procure
4558,proclaimed
4559,prime
4560,prey
4561,prevention
4562,presides
4563,presided
4564,preliminaries
4565,prejudices
4566,precious
4567,practises
4568,pour
4569,potations
4570,polluted
4571,politicus
4572,police
4573,plutarch
4574,plead
4575,playthings
4576,platonists
4577,piraeus
4578,pigs
4579,piety
4580,phenomenon
4581,perpetrator
4582,perish
4583,perceptions
4584,per
4585,peaceful
4586,paupers
4587,pauper
4588,paul
4589,pastimes
4590,passers
4591,partners
4592,pardon
4593,paradoxical
4594,palamedes
4595,painters
4596,oyster
4597,oxen
4598,overthrown
4599,organized
4600,organization
4601,ordinarily
4602,ordinance
4603,orators
4604,onward
4605,omissions
4606,obviously
4607,obtains
4608,obscure
4609,nursery
4610,noon
4611,nobly
4612,neighbouring
4613,negative
4614,neck
4615,namely
4616,mould
4617,morose
4618,monthly
4619,moderately
4620,mistresses
4621,mischievous
4622,miles
4623,milder
4624,midas
4625,metaphysics
4626,member
4627,mem
4628,medicines
4629,measuring
4630,measured
4631,meal
4632,marries
4633,litigants
4634,links
4635,lift
4636,legs
4637,legislates
4638,latent
4639,lately
4640,lasts
4641,lame
4642,kindness
4643,jests
4644,italy
4645,ironically
4646,ionian
4647,involving
4648,inventor
4649,inventions
4650,intimations
4651,interior
4652,interference
4653,intend
4654,instructors
4655,inscription
4656,informs
4657,informer
4658,inexperience
4659,indicate
4660,incur
4661,increases
4662,inconsistencies
4663,improves
4664,improvements
4665,impressions
4666,impressed
4667,immoral
4668,illiberal
4669,iambic
4670,hythloday
4671,hours
4672,horsemen
4673,homicides
4674,homes
4675,hollow
4676,hive
4677,hit
4678,hereditary
4679,heraclidae
4680,helping
4681,helped
4682,hector
4683,hasty
4684,hast
4685,happening
4686,habituated
4687,habitation
4688,gutenberg
4689,governs
4690,glories
4691,germ
4692,genuineness
4693,generated
4694,fulness
4695,fulfilling
4696,friendships
4697,fresh
4698,freed
4699,foul
4700,fools
4701,flight
4702,fitness
4703,fish
4704,filling
4705,fifthly
4706,feeds
4707,fed
4708,fearlessness
4709,feared
4710,favours
4711,fashioned
4712,fairer
4713,extinguished
4714,extinguish
4715,expressly
4716,exposed
4717,expenses
4718,expense
4719,expenditure
4720,expel
4721,expedient
4722,expects
4723,exhortation
4724,excusable
4725,exclusively
4726,excitement
4727,examiner
4728,exacted
4729,event
4730,eternity
4731,especial
4732,erroneous
4733,eros
4734,equestrian
4735,enthusiastic
4736,entertainment
4737,enormous
4738,enlightened
4739,enables
4740,emotion
4741,embrace
4742,embassies
4743,elect
4744,eleatic
4745,economy
4746,driving
4747,drew
4748,drank
4749,drama
4750,doubted
4751,don’t
4752,doers
4753,doctrines
4754,divisors
4755,divisible
4756,divinity
4757,divides
4758,diverse
4759,distracted
4760,distinguishes
4761,dissolved
4762,dispersed
4763,disobedience
4764,directions
4765,diminish
4766,digression
4767,dig
4768,diameters
4769,devote
4770,device
4771,deteriorated
4772,detained
4773,despotism
4774,despotic
4775,desolate
4776,descent
4777,department
4778,denying
4779,denies
4780,denial
4781,delineated
4782,delightful
4783,degrading
4784,deficiency
4785,deciding
4786,deceiving
4787,deaths
4788,dealing
4789,dazzled
4790,dante
4791,cutting
4792,curses
4793,cunning
4794,cubes
4795,cross
4796,crises
4797,cratylus
4798,countrymen
4799,cost
4800,corresponds
4801,cords
4802,conveniently
4803,controlled
4804,continually
4805,contented
4806,consummation
4807,consult
4808,consisted
4809,consecrate
4810,conflicts
4811,confirmation
4812,conferred
4813,conducted
4814,conceivable
4815,complexity
4816,complaints
4817,competitor
4818,compact
4819,communication
4820,commonplaces
4821,commonplace
4822,combining
4823,colleagues
4824,cognizance
4825,coarse
4826,clouds
4827,cling
4828,classical
4829,christians
4830,choristers
4831,chooses
4832,choir
4833,charms
4834,cessation
4835,catholic
4836,carelessness
4837,buyer
4838,burglars
4839,brighter
4840,brigadiers
4841,bribed
4842,breaking
4843,boxers
4844,bows
4845,bow
4846,borne
4847,bliss
4848,blindness
4849,bird
4850,binding
4851,bier
4852,benjamin
4853,beauties
4854,barley
4855,barbarian
4856,bald
4857,authorship
4858,attendance
4859,attempted
4860,assumption
4861,asserting
4862,ass
4863,ascertained
4864,aroused
4865,aristophanes
4866,areopagus
4867,archers
4868,apprehend
4869,applying
4870,apparitions
4871,anxious
4872,ancestral
4873,anarchy
4874,analogous
4875,anacreon
4876,amongst
4877,amend
4878,alien
4879,airs
4880,agility
4881,aforesaid
4882,afforded
4883,affinities
4884,affecting
4885,adverse
4886,admired
4887,admire
4888,actor
4889,achilles
4890,accurate
4891,accumulation
4892,accomplishing
4893,abusing
4894,abuse
4895,abolition
4896,‘o
4897,‘let
4898,‘for
4899,‘are
4900,—there
4901,—is
4902,yielding
4903,yesterday
4904,xi
4905,xen
4906,worthless
4907,workmen
4908,wizard
4909,willingness
4910,wherein
4911,whereby
4912,wash
4913,warden
4914,ward
4915,wanton
4916,wander
4917,villain
4918,victorious
4919,verisimilitude
4920,verbal
4921,vary
4922,variable
4923,vainly
4924,usually
4925,untrustworthy
4926,unskilled
4927,unskilful
4928,uniting
4929,unhealthy
4930,unfortunately
4931,unfit
4932,undefiled
4933,unconsciously
4934,uncertainty
4935,unaccustomed
4936,ultimate
4937,ugly
4938,tyrant’s
4939,trusts
4940,troubled
4941,triumph
4942,triple
4943,trifles
4944,treating
4945,treasury
4946,treasurers
4947,travels
4948,transgresses
4949,traced
4950,tops
4951,top
4952,ton
4953,tolerated
4954,ties
4955,threefold
4956,thoroughly
4957,thirds
4958,thetis
4959,theologians
4960,thee
4961,theban
4962,theatres
4963,theaet
4964,testing
4965,testator
4966,testament
4967,tender
4968,tempered
4969,taxation
4970,tasted
4971,tall
4972,tablets
4973,symbols
4974,swim
4975,survive
4976,surrounded
4977,suppliant
4978,superhuman
4979,summonses
4980,summon
4981,successor
4982,substituted
4983,subdued
4984,struggling
4985,striving
4986,storing
4987,sting
4988,stimulus
4989,stimulate
4990,stern
4991,started
4992,stain
4993,sprung
4994,sowing
4995,sorry
4996,soph
4997,somehow
4998,solstice
4999,smoke
5000,smiths
5001,slowest
5002,sleepy
5003,sings
5004,singers
5005,sicilian
5006,shooting
5007,shoot
5008,shamelessness
5009,shade
5010,serpent
5011,seniority
5012,senate
5013,selecting
5014,secured
5015,sections
5016,searcher
5017,scripture
5018,scientifically
5019,satisfactorily
5020,satirical
5021,sat
5022,sane
5023,sage
5024,sacrificing
5025,sacrificed
5026,runners
5027,rugged
5028,rome
5029,rogueries
5030,robber
5031,robbed
5032,rivers
5033,ripe
5034,ridiculed
5035,richer
5036,rewarded
5037,revert
5038,reversed
5039,retreat
5040,retaining
5041,restoring
5042,resources
5043,resort
5044,renowned
5045,removing
5046,remove
5047,reminiscence
5048,reluctance
5049,relaxed
5050,relationship
5051,rejects
5052,regions
5053,regimen
5054,regardless
5055,refutation
5056,receiver
5057,ransom
5058,quickness
5059,pyre
5060,puzzle
5061,push
5062,purifications
5063,purge
5064,purchaser
5065,punishing
5066,pulls
5067,published
5068,providence
5069,proud
5070,promising
5071,promises
5072,prohibit
5073,prodicus
5074,procuring
5075,processions
5076,probabilities
5077,pretence
5078,presents
5079,presently
5080,premises
5081,preferable
5082,preface
5083,practicable
5084,poured
5085,policy
5086,poison
5087,pluto
5088,plaything
5089,played
5090,plastic
5091,pick
5092,phraseology
5093,phoenicians
5094,phaedr
5095,persuasive
5096,persuades
5097,perspiration
5098,persist
5099,penal
5100,peculiarities
5101,patron
5102,patriarchal
5103,patience
5104,pasture
5105,participate
5106,parted
5107,parmenides
5108,panic
5109,paints
5110,overthrow
5111,os
5112,oriental
5113,opposing
5114,olden
5115,offends
5116,occasionally
5117,obstinate
5118,obligation
5119,nurtured
5120,nourishment
5121,noticed
5122,nomoi
5123,noise
5124,ninety
5125,nile
5126,nights
5127,nice
5128,nic
5129,news
5130,nestor
5131,nest
5132,negligent
5133,myths
5134,mythological
5135,mystic
5136,mute
5137,multiform
5138,mount
5139,mound
5140,moulds
5141,mostly
5142,mortals
5143,moments
5144,mix
5145,mistakes
5146,miss
5147,mire
5148,meno
5149,measurement
5150,meadow
5151,marrying
5152,march
5153,mantike
5154,malady
5155,mainly
5156,maimed
5157,loyal
5158,logical
5159,linger
5160,likenesses
5161,lights
5162,lighted
5163,lifetime
5164,liberal
5165,legend
5166,lays
5167,lawsuits
5168,lawfully
5169,laughed
5170,laughable
5171,knees
5172,keepers
5173,keener
5174,joke
5175,joint
5176,javelins
5177,isolation
5178,irresistible
5179,irregularity
5180,involved
5181,inviting
5182,investigate
5183,invariable
5184,intimates
5185,interposing
5186,interfering
5187,insult
5188,instincts
5189,inspiring
5190,inspect
5191,insisted
5192,insidious
5193,insanity
5194,innovations
5195,injurious
5196,initiated
5197,inharmonious
5198,informers
5199,inflicting
5200,inferred
5201,infamy
5202,inexperienced
5203,individually
5204,indignation
5205,indifferently
5206,indifference
5207,incommensurable
5208,incentive
5209,impulses
5210,impudence
5211,imprecations
5212,imposing
5213,imports
5214,imported
5215,import
5216,imperceptibly
5217,impediment
5218,imparts
5219,immortals
5220,illustrated
5221,ilissus
5222,iliad
5223,identity
5224,identify
5225,ida
5226,hymning
5227,hurling
5228,hunters
5229,hunt
5230,hungry
5231,humbled
5232,hostile
5233,holiest
5234,hirelings
5235,hired
5236,herodotus
5237,herodicus
5238,herein
5239,heracleitus
5240,helpless
5241,helpers
5242,helen
5243,hebrew
5244,heavily
5245,hearth
5246,hearer
5247,headed
5248,harmonics
5249,harmless
5250,hardness
5251,hair
5252,gyges
5253,grief
5254,grey
5255,grew
5256,graces
5257,godlike
5258,gluttony
5259,giles
5260,gentile
5261,gaining
5262,gainful
5263,gainer
5264,funerals
5265,formulae
5266,formation
5267,foreseen
5268,fondness
5269,follower
5270,flood
5271,fleeting
5272,fixes
5273,fitly
5274,finest
5275,fiery
5276,fewer
5277,feminine
5278,fearing
5279,fatted
5280,fated
5281,fat
5282,fashioning
5283,fade
5284,faces
5285,exposition
5286,expired
5287,expensive
5288,expelled
5289,exhausted
5290,exercising
5291,executioner
5292,exclusion
5293,exchanges
5294,exceptions
5295,excel
5296,exaggeration
5297,exaggerates
5298,exaggerated
5299,estimating
5300,estimated
5301,estate
5302,erect
5303,eradicated
5304,equivalent
5305,epistles
5306,ephors
5307,envious
5308,enlarge
5309,enforce
5310,ended
5311,endeavours
5312,enchant
5313,enacting
5314,embraces
5315,embodiment
5316,eloquent
5317,elicited
5318,eleven
5319,effeminacy
5320,educator
5321,dwelt
5322,dwellers
5323,drives
5324,drive
5325,drift
5326,dread
5327,drags
5328,dr
5329,disregarded
5330,disregard
5331,disproportion
5332,dispose
5333,dishonours
5334,disguise
5335,disgraced
5336,discordant
5337,discernible
5338,discerned
5339,disagree
5340,diligent
5341,diligence
5342,diffused
5343,differing
5344,diameter
5345,devour
5346,devotion
5347,develope
5348,despises
5349,despair
5350,desiring
5351,departing
5352,demonstration
5353,demons
5354,democracies
5355,delicacy
5356,degradation
5357,defenders
5358,defective
5359,declaration
5360,deceitful
5361,deaf
5362,darkly
5363,daring
5364,dared
5365,damon
5366,currency
5367,cup
5368,crushed
5369,criticize
5370,creep
5371,cowards
5372,counter
5373,correctly
5374,convincing
5375,convict
5376,conveyed
5377,converts
5378,contrived
5379,contributions
5380,contrasts
5381,continuing
5382,contentiousness
5383,contentious
5384,constitute
5385,conspire
5386,conjure
5387,congenial
5388,confirm
5389,confine
5390,condemnation
5391,conceiving
5392,conceal
5393,comprehensive
5394,compound
5395,complain
5396,comparatively
5397,communicated
5398,commentators
5399,combatants
5400,combat
5401,colts
5402,colonization
5403,colonies
5404,coincidences
5405,coast
5406,clothes
5407,chryses
5408,charmides
5409,characterized
5410,chants
5411,censorship
5412,caution
5413,catching
5414,captives
5415,cambyses
5416,cadmus
5417,bye
5418,busy
5419,bury
5420,brutal
5421,broil
5422,bribe
5423,brevity
5424,breeze
5425,boreas
5426,blaming
5427,bitter
5428,benefited
5429,beggars
5430,begets
5431,baser
5432,banishment
5433,banishing
5434,backwards
5435,avoidance
5436,attributing
5437,attract
5438,attica
5439,attends
5440,attendant
5441,attainable
5442,attacks
5443,attacked
5444,asunder
5445,astray
5446,assyrian
5447,assurance
5448,assisting
5449,asscher
5450,assaults
5451,assaulted
5452,assault
5453,assailed
5454,ascribe
5455,artemis
5456,arriving
5457,arranging
5458,arithmetician
5459,aristocratic
5460,archer
5461,arbitrary
5462,appropriately
5463,approaching
5464,appointing
5465,appetitive
5466,appetite
5467,apol
5468,angels
5469,analyse
5470,analogies
5471,ambassadors
5472,amazement
5473,amazed
5474,altering
5475,aloud
5476,allied
5477,aiming
5478,aided
5479,advising
5480,advises
5481,advances
5482,admonitions
5483,admissions
5484,administer
5485,additional
5486,adaptation
5487,adapt
5488,activity
5489,acropolis
5490,acquaintances
5491,accuser
5492,abundant
5493,abstained
5494,abhorrence
5495,‘who
5496,‘there
5497,‘of
5498,‘nay
5499,‘is
5500,‘if
5501,‘how
5502,‘every
5503,‘as
5504,‘all
5505,—this
5506,—or
5507,youngest
5508,yelping
5509,wrought
5510,writes
5511,wrestlers
5512,worshipped
5513,workers
5514,worker
5515,wonders
5516,wonderfully
5517,witchcraft
5518,wishing
5519,wilful
5520,wholesome
5521,wholesale
5522,whit
5523,whisper
5524,whip
5525,wet
5526,welfare
5527,wedded
5528,weapon
5529,waxen
5530,waves
5531,watchers
5532,wards
5533,vulgarity
5534,voted
5535,void
5536,vividly
5537,violently
5538,violated
5539,vine
5540,villagers
5541,verified
5542,vengeance
5543,vehement
5544,vegetable
5545,varying
5546,variously
5547,vanity
5548,valuable
5549,vacancy
5550,utters
5551,utterance
5552,unwillingness
5553,unsealed
5554,unrighteousness
5555,unreality
5556,unreal
5557,unpractised
5558,unmixed
5559,unit
5560,unintelligible
5561,unharmed
5562,unhappiness
5563,unfrequently
5564,unfinished
5565,undergoes
5566,unconnected
5567,unburied
5568,unavoidable
5569,ugliness
5570,tumbling
5571,translator
5572,transgress
5573,transformed
5574,trait
5575,tractable
5576,tower
5577,tossing
5578,topic
5579,tolerate
5580,tolerably
5581,timocratic
5582,threatening
5583,threads
5584,thine
5585,theognis
5586,theages’
5587,th
5588,tetractys
5589,tests
5590,tenure
5591,tenfold
5592,tending
5593,tempted
5594,temporary
5595,tears
5596,tarentum
5597,tamed
5598,talks
5599,talent
5600,t
5601,symmetry
5602,swelling
5603,sweetly
5604,swarm
5605,swan
5606,sustains
5607,surviving
5608,surety
5609,surest
5610,supported
5611,supplies
5612,sums
5613,suitably
5614,suggestive
5615,suggesting
5616,sufficing
5617,sufferers
5618,succeeds
5619,subdivisions
5620,styles
5621,stupidity
5622,strangeness
5623,stout
5624,store
5625,stooping
5626,stolen
5627,stirring
5628,stirred
5629,stingless
5630,steel
5631,stature
5632,station
5633,stating
5634,starve
5635,squares
5636,spoilt
5637,spoils
5638,spinning
5639,spendthrift
5640,speed
5641,specimens
5642,spear
5643,sown
5644,solo
5645,solitary
5646,sojourn
5647,softened
5648,soars
5649,slough
5650,slip
5651,slightly
5652,sixthly
5653,sixteen
5654,situated
5655,sink
5656,singly
5657,sinews
5658,simplest
5659,significantly
5660,sided
5661,shudder
5662,shrines
5663,shortest
5664,sharp
5665,sham
5666,shades
5667,servitude
5668,separating
5669,sensuality
5670,sensitive
5671,semblance
5672,sellers
5673,seized
5674,seize
5675,seemingly
5676,seduced
5677,section
5678,sculpture
5679,scorching
5680,sc
5681,saves
5682,sauromatides
5683,sauces
5684,satire
5685,sang
5686,samples
5687,safest
5688,safeguard
5689,rustic
5690,runner
5691,ruinous
5692,roll
5693,rocks
5694,robbery
5695,roast
5696,roads
5697,rightness
5698,ridicules
5699,ride
5700,rhyme
5701,revival
5702,reverences
5703,revels
5704,retired
5705,retailers
5706,resuming
5707,respondent
5708,respectively
5709,resistance
5710,residing
5711,reside
5712,reserve
5713,requirements
5714,requirement
5715,requests
5716,reproached
5717,representing
5718,repetitions
5719,repel
5720,repayment
5721,renounced
5722,remorse
5723,remarking
5724,relieve
5725,relief
5726,relaxation
5727,rejoin
5728,regularly
5729,register
5730,refuting
5731,refute
5732,refreshing
5733,refined
5734,reduces
5735,redress
5736,red
5737,recovery
5738,record
5739,reconciliation
5740,recollections
5741,recollect
5742,recognised
5743,reckoning
5744,reckon
5745,rebuked
5746,rear
5747,reappear
5748,readers
5749,random
5750,rabble
5751,quit
5752,quietly
5753,quickest
5754,questioning
5755,queen
5756,pyrrhic
5757,pulse
5758,pulling
5759,prudent
5760,protest
5761,protectors
5762,protag
5763,prosperous
5764,prosecutor
5765,pros
5766,proportioned
5767,propitious
5768,prone
5769,prohibits
5770,profound
5771,professes
5772,proclaims
5773,processes
5774,princes
5775,priesthood
5776,preventing
5777,pretext
5778,pretend
5779,presumption
5780,prescription
5781,prescribing
5782,prepense
5783,preferring
5784,preference
5785,predecessors
5786,precision
5787,precept
5788,precede
5789,prays
5790,prayed
5791,potter
5792,pots
5793,posset
5794,possessors
5795,portrait
5796,polit
5797,poisons
5798,poisonous
5799,plectrum
5800,pleasurable
5801,pleasantly
5802,playfully
5803,playful
5804,planted
5805,plague
5806,pine
5807,pierced
5808,phylarchs
5809,phrygian
5810,phrase
5811,phocylides
5812,perverted
5813,perpetrators
5814,performances
5815,penetrated
5816,peloponnesus
5817,peers
5818,peculiarly
5819,patriotism
5820,pathetic
5821,partnership
5822,pangs
5823,pan
5824,painted
5825,overpowered
5826,orphic
5827,ornaments
5828,ornamental
5829,originates
5830,orbits
5831,opportunities
5832,opened
5833,olives
5834,olive
5835,oligarchs
5836,oligarchies
5837,oftener
5838,officer
5839,offended
5840,oedipus
5841,ocean
5842,occupy
5843,occasioned
5844,obeying
5845,obeyed
5846,nuptial
5847,numbered
5848,novelists
5849,nous
5850,noticeable
5851,nose
5852,nomos
5853,noisy
5854,neutral
5855,nets
5856,needful
5857,narrower
5858,narrated
5859,musaeus
5860,multiplicity
5861,multiplication
5862,mourning
5863,moulded
5864,monkey
5865,mission
5866,minutely
5867,minstrels
5868,mimic
5869,milton
5870,midday
5871,merchant
5872,mercenary
5873,memorials
5874,melted
5875,megara
5876,meanest
5877,maxim
5878,mastered
5879,markets
5880,marionette
5881,manifold
5882,manifest
5883,magnificent
5884,magistracies
5885,lusty
5886,loyalty
5887,lovely
5888,locality
5889,litigation
5890,listens
5891,list
5892,limitations
5893,limb
5894,liberated
5895,libations
5896,letter
5897,legislative
5898,legislated
5899,legibus
5900,lecture
5901,leap
5902,league
5903,lawyer
5904,latin
5905,latest
5906,lament
5907,labouring
5908,labourers
5909,knock
5910,kidnapping
5911,justify
5912,john
5913,jealousies
5914,irremediable
5915,irascible
5916,ion
5917,involve
5918,invoked
5919,invoke
5920,invitation
5921,invincible
5922,invested
5923,invalid
5924,intractable
5925,intimated
5926,intestate
5927,interrupted
5928,intentions
5929,intensified
5930,intends
5931,intelligences
5932,instructions
5933,instantly
5934,inspection
5935,insisting
5936,insane
5937,inland
5938,initiation
5939,ingloriously
5940,ingeniously
5941,infuse
5942,influenced
5943,infirmity
5944,inferences
5945,infected
5946,infallible
5947,indulged
5948,indictment
5949,independence
5950,incorruptible
5951,inclination
5952,incantations
5953,inaccessible
5954,inability
5955,improper
5956,improbable
5957,impressible
5958,imposition
5959,impieties
5960,imperfection
5961,impatient
5962,impatience
5963,imparting
5964,impartial
5965,immovable
5966,immoderate
5967,immediate
5968,imbued
5969,imagining
5970,imaginative
5971,illness
5972,illiberality
5973,illegal
5974,identified
5975,hypothesis
5976,hydra
5977,husbands
5978,hungering
5979,humanizing
5980,horseman
5981,horrible
5982,horizon
5983,hoplites
5984,honestly
5985,hippocrates
5986,hinders
5987,hills
5988,hesitating
5989,heraclid
5990,helots
5991,hellene
5992,hell
5993,hegel
5994,heaviest
5995,heal
5996,haunches
5997,hating
5998,hardship
5999,harder
6000,handing
6001,hairy
6002,guiltless
6003,guardianship
6004,guarded
6005,groves
6006,grievous
6007,gravity
6008,gratify
6009,granting
6010,godly
6011,godless
6012,giant
6013,ghost
6014,generalization
6015,gaze
6016,gathering
6017,garden
6018,fury
6019,furnished
6020,fullest
6021,fuller
6022,frequently
6023,fragment
6024,fraction
6025,fostering
6026,forgot
6027,forgiveness
6028,foresee
6029,foresaw
6030,forefathers
6031,fold
6032,flour
6033,flies
6034,fled
6035,flatteries
6036,finely
6037,fills
6038,fifths
6039,fields
6040,fertile
6041,favoured
6042,fastened
6043,falsehoods
6044,faithless
6045,fabric
6046,fable
6047,eyesight
6048,extirpate
6049,expose
6050,exports
6051,expectation
6052,exhorting
6053,exhibits
6054,exhibiting
6055,executive
6056,exclusiveness
6057,excepting
6058,excellences
6059,exceeded
6060,exalted
6061,evolution
6062,euthydemus
6063,eth
6064,esteeming
6065,estates
6066,essentially
6067,erring
6068,equalize
6069,enunciated
6070,enumerated
6071,entreat
6072,enquirer
6073,enlargement
6074,enlarged
6075,enjoins
6076,enjoined
6077,engendered
6078,engaging
6079,energies
6080,enduring
6081,endeavouring
6082,enchantments
6083,enchantment
6084,en
6085,employing
6086,emphasis
6087,embody
6088,emancipated
6089,elicit
6090,elevation
6091,electors
6092,efficient
6093,educational
6094,earthborn
6095,drugs
6096,drops
6097,drop
6098,drinkers
6099,dried
6100,drag
6101,dowry
6102,downright
6103,dorieus
6104,donaldson
6105,don
6106,domain
6107,dodona
6108,disturbing
6109,disturb
6110,distributing
6111,dissimilar
6112,disregarding
6113,displayed
6114,disinherited
6115,dishonouring
6116,disciplined
6117,discernment
6118,disapproval
6119,disappointment
6120,disadvantage
6121,directs
6122,dionysius
6123,dimension
6124,diligently
6125,devices
6126,deterred
6127,determines
6128,determination
6129,detection
6130,detect
6131,destructions
6132,destroys
6133,despising
6134,deserved
6135,desertion
6136,descends
6137,depths
6138,depriving
6139,denoted
6140,demus
6141,delusion
6142,delicate
6143,defraud
6144,deformed
6145,definiteness
6146,defending
6147,defeats
6148,decomposition
6149,decisions
6150,deceives
6151,debatable
6152,datis
6153,darkened
6154,dares
6155,cypress
6156,cyclopes
6157,cyclical
6158,cursed
6159,current
6160,curiously
6161,cups
6162,cultivate
6163,crypteia
6164,crying
6165,critics
6166,criticisms
6167,critical
6168,crisis
6169,crew
6170,craftsman
6171,cousins
6172,cousin
6173,courses
6174,counterpart
6175,counsellor
6176,councillors
6177,corruptions
6178,correlatives
6179,correcting
6180,corrected
6181,cool
6182,convey
6183,conversing
6184,contributes
6185,contrasting
6186,contrasted
6187,contraries
6188,contradict
6189,contractor
6190,contingent
6191,contemplating
6192,contemplated
6193,consumption
6194,constructive
6195,conspiracy
6196,conservative
6197,conquers
6198,conquerors
6199,conqueror
6200,connexions
6201,connecting
6202,confiscation
6203,confidently
6204,conducting
6205,condescend
6206,concrete
6207,conceited
6208,conceded
6209,compulsory
6210,compromise
6211,comprehension
6212,compounded
6213,comply
6214,compliment
6215,completion
6216,complaint
6217,compensated
6218,communistic
6219,commoner
6220,commence
6221,combats
6222,collected
6223,coincides
6224,coincidence
6225,code
6226,cobbling
6227,cnosian
6228,clothing
6229,cleisthenes
6230,cleared
6231,clause
6232,clapping
6233,claiming
6234,citadel
6235,circumference
6236,childless
6237,cheerfulness
6238,cheerful
6239,cheat
6240,chasm
6241,chase
6242,chariots
6243,characteristically
6244,champion
6245,census
6246,censuring
6247,ceasing
6248,catalogue
6249,casting
6250,carthaginians
6251,candidate
6252,calculating
6253,cakes
6254,brief
6255,bribes
6256,bravery
6257,boundaries
6258,bought
6259,borrowing
6260,boast
6261,blinking
6262,blest
6263,blessedness
6264,blasphemous
6265,betrothal
6266,betrayed
6267,bestowed
6268,beside
6269,beset
6270,bequests
6271,benefactors
6272,benefactor
6273,believer
6274,begs
6275,beef
6276,beats
6277,bare
6278,barbarism
6279,banquet
6280,bade
6281,backward
6282,bacchantes
6283,aye
6284,awakening
6285,awaken
6286,await
6287,avert
6288,average
6289,avenge
6290,authorities
6291,authorised
6292,augustine
6293,attitude
6294,attic
6295,atoning
6296,atlantis
6297,astronomers
6298,assure
6299,association
6300,assistants
6301,assess
6302,assented
6303,aspire
6304,ascending
6305,ascended
6306,artistic
6307,artificer
6308,arrest
6309,aristocratical
6310,archons
6311,archilochus
6312,aptitude
6313,appreciated
6314,apples
6315,applause
6316,applaud
6317,aphrodite
6318,anyhow
6319,anxiety
6320,antecedent
6321,annoyed
6322,announced
6323,ammon
6324,alternate
6325,alteration
6326,allotted
6327,allegorical
6328,alas
6329,ajax
6330,agency
6331,afflicted
6332,adversary
6333,adversaries
6334,advanced
6335,admonished
6336,admonish
6337,admixture
6338,admirers
6339,adjudge
6340,adduced
6341,ad
6342,acute
6343,acquit
6344,accounted
6345,accomplishments
6346,accompaniments
6347,accompaniment
6348,abstaining
6349,absorbs
6350,abominate
6351,abject
6352,abides
6353,‘would
6354,‘virtue
6355,‘until
6356,‘true
6357,‘socrates
6358,‘one
6359,‘new
6360,‘mine’
6361,‘have
6362,‘harmony
6363,‘good
6364,‘by
6365,—they
6366,—these
6367,—of
6368,—not
6369,—if
6370,—are
6371,zoroaster
6372,wreath
6373,world’s
6374,world’
6375,worlds
6376,workings
6377,wont
6378,women’s
6379,womanly
6380,wolf
6381,withered
6382,withdrawn
6383,wiry
6384,winner
6385,widger
6386,wider
6387,wickedest
6388,whorls
6389,whiteness
6390,whispers
6391,whereupon
6392,whatsoever
6393,wetting
6394,welcomes
6395,weights
6396,weighing
6397,weighed
6398,weigh
6399,weep
6400,weddings
6401,weaver
6402,weaknesses
6403,weakly
6404,weakest
6405,weaken
6406,watchfulness
6407,watchdogs
6408,wasted
6409,washed
6410,warned
6411,warmth
6412,warmed
6413,wares
6414,waning
6415,waits
6416,waging
6417,visitor
6418,virgin
6419,violator
6420,vines
6421,vindicate
6422,vilest
6423,vile
6424,version
6425,ventured
6426,vehemence
6427,vanished
6428,valuing
6429,valetudinarian
6430,utterances
6431,user
6432,uselessness
6433,urges
6434,uranus
6435,upside
6436,uproar
6437,upright
6438,uppermost
6439,upo
6440,updated
6441,unto
6442,unsuited
6443,unsettling
6444,unsettled
6445,unruly
6446,unreasonable
6447,unquestionably
6448,unprocurable
6449,unpatriotic
6450,unmanliness
6451,unmanageable
6452,unlimited
6453,universally
6454,uniformity
6455,uniform
6456,unhappy
6457,ungracious
6458,unexpected
6459,unerring
6460,undetermined
6461,undesirable
6462,undesigned
6463,uncle
6464,unchangeableness
6465,unbegotten
6466,unawares
6467,unarmed
6468,typho
6469,twentieth
6470,tutor
6471,trojans
6472,trochaic
6473,tribunals
6474,tremendous
6475,treaty
6476,treatises
6477,treasures
6478,treasured
6479,traveller
6480,travail
6481,transmigration
6482,translation
6483,transitory
6484,transitions
6485,transgressed
6486,transformations
6487,transfer
6488,traitor
6489,tragedies
6490,tragedian
6491,tradesmen
6492,tracing
6493,tous
6494,touchstone
6495,tossed
6496,titles
6497,tis
6498,tire
6499,timid
6500,tide
6501,thy
6502,thunder
6503,thrust
6504,thrower
6505,threats
6506,threat
6507,thirsting
6508,thieving
6509,thessalian
6510,thereupon
6511,theodorus
6512,themistocles
6513,themes
6514,thefts
6515,theatrocracy
6516,theatrical
6517,thamyras
6518,testify
6519,tes
6520,terrify
6521,tentative
6522,temperately
6523,temenus
6524,tellers
6525,technical
6526,tear
6527,te
6528,taxiarchs
6529,taverns
6530,tasks
6531,taller
6532,tais
6533,ta
6534,syracusans
6535,syracusan
6536,synthesis
6537,symmetrical
6538,swifter
6539,swept
6540,swears
6541,sustenance
6542,suspicious
6543,suspected
6544,susceptible
6545,supremely
6546,suppressed
6547,supposititious
6548,supplying
6549,supplications
6550,superfluous
6551,super
6552,summons
6553,suffrages
6554,sufficiency
6555,successors
6556,successful
6557,subverted
6558,substitute
6559,substantial
6560,subsequent
6561,sublime
6562,subjective
6563,sturdy
6564,stumbled
6565,struggles
6566,stringed
6567,string
6568,strengthens
6569,strengthening
6570,strangely
6571,stood
6572,stoics
6573,stirs
6574,stick
6575,sterner
6576,sterility
6577,stepmother
6578,steer
6579,stealth
6580,stealers
6581,steadfast
6582,stationary
6583,statements
6584,starry
6585,stake
6586,stained
6587,squaring
6588,splendid
6589,spin
6590,speedy
6591,speedier
6592,spectacle
6593,specified
6594,specific
6595,sparks
6596,sorrowful
6597,sorcery
6598,sorcerer
6599,solved
6600,solitude
6601,sofas
6602,soar
6603,snub
6604,snares
6605,smote
6606,smith
6607,smallness
6608,slowness
6609,slowly
6610,slower
6611,slice
6612,slew
6613,sleet
6614,sleeps
6615,sky
6616,siren
6617,sinks
6618,singularly
6619,singularity
6620,simultaneous
6621,shrilling
6622,shrewd
6623,shower
6624,shoulders
6625,shores
6626,shone
6627,shipwright
6628,shields
6629,shelter
6630,shells
6631,sharing
6632,shares
6633,shapes
6634,shape
6635,shalt
6636,shakes
6637,shafts
6638,shady
6639,shadowy
6640,settles
6641,settlers
6642,settlements
6643,sermons
6644,seriphian
6645,sequence
6646,sequel
6647,separately
6648,selfishness
6649,seats
6650,seashore
6651,seals
6652,scriptures
6653,scourged
6654,scolding
6655,schemes
6656,scepticism
6657,scents
6658,scent
6659,scales
6660,saturn
6661,saturated
6662,satisfactions
6663,satellites
6664,sanitary
6665,sanctity
6666,sameness
6667,saluted
6668,sail
6669,sacrificial
6670,ruder
6671,rousseau
6672,rope
6673,romans
6674,rolling
6675,rocking
6676,robust
6677,robs
6678,robe
6679,rob
6680,rivalry
6681,rim
6682,righteously
6683,richest
6684,rhapsodist
6685,revolving
6686,revolts
6687,revolting
6688,revolted
6689,revive
6690,revile
6691,reverend
6692,revelry
6693,reveals
6694,reveal
6695,retributions
6696,retires
6697,resumed
6698,restraint
6699,rested
6700,respected
6701,resolved
6702,resolve
6703,reserving
6704,requested
6705,repute
6706,repugnant
6707,replying
6708,repetition
6709,repent
6710,repay
6711,renders
6712,renaissance
6713,removal
6714,remoter
6715,remission
6716,remembers
6717,remediable
6718,relax
6719,relatively
6720,rejoicing
6721,rejoiced
6722,regularity
6723,reflects
6724,refiner’s
6725,refinements
6726,recovered
6727,recognises
6728,reciting
6729,recitation
6730,recalls
6731,recalled
6732,rebel
6733,reasonings
6734,reasoned
6735,reasonableness
6736,rearing
6737,realization
6738,readiness
6739,ravished
6740,ratified
6741,rapture
6742,rains
6743,rainbow
6744,raging
6745,racked
6746,quarter
6747,quantities
6748,pythagoras
6749,purses
6750,pruning
6751,proxenus
6752,proverbial
6753,proprieties
6754,propitiating
6755,promiscuous
6756,progeny
6757,progenitors
6758,profoundly
6759,profited
6760,professor
6761,professions
6762,profane
6763,productive
6764,product
6765,procured
6766,proclamations
6767,proclaiming
6768,probation
6769,prisons
6770,primeval
6771,prevalence
6772,pretends
6773,pretending
6774,pretended
6775,pressing
6776,press
6777,prejudice
6778,prefaces
6779,precinct
6780,precarious
6781,preachers
6782,pramnian
6783,praiseworthy
6784,practicability
6785,powerless
6786,potters
6787,potent
6788,posts
6789,possibilities
6790,portionless
6791,poorer
6792,pompous
6793,polus
6794,pollutes
6795,pollute
6796,politic
6797,poisoning
6798,pointing
6799,plurality
6800,plural
6801,plunder
6802,pluck
6803,plot
6804,plentiful
6805,pledges
6806,pleasanter
6807,playfellows
6808,plausible
6809,plataea
6810,plagues
6811,pitying
6812,pitch
6813,pipe
6814,piercing
6815,pierces
6816,pictured
6817,phratries
6818,phoenix
6819,phoenician
6820,philosopher’s
6821,pestilences
6822,perversions
6823,pervaded
6824,personality
6825,perpetually
6826,perpetrated
6827,permitting
6828,perjured
6829,perishes
6830,perils
6831,peril
6832,perfumes
6833,perceives
6834,peradventure
6835,pause
6836,paternal
6837,patches
6838,partnerships
6839,particles
6840,partaker
6841,parricides
6842,parodying
6843,parliament
6844,parental
6845,paramount
6846,parallels
6847,paradise
6848,pantomimic
6849,panharmonic
6850,pandarus
6851,paltry
6852,palpable
6853,palinode
6854,pale
6855,palaestra
6856,paintings
6857,painfully
6858,paean
6859,pacified
6860,overturning
6861,overturn
6862,outwards
6863,outermost
6864,outcry
6865,originated
6866,ordaining
6867,oratory
6868,opposes
6869,operations
6870,operates
6871,opens
6872,openings
6873,on—the
6874,one’s
6875,omnipotent
6876,olympia
6877,oionoistike
6878,oionistike
6879,offending
6880,odyssey
6881,odour
6882,ode
6883,october
6884,occasional
6885,observance
6886,obol
6887,objective
6888,objected
6889,obediently
6890,nutrition
6891,noxious
6892,novelties
6893,novel
6894,nourishing
6895,nourished
6896,notably
6897,nobility
6898,niggardly
6899,newton
6900,neo
6901,neighing
6902,neglecting
6903,negation
6904,navel
6905,narrate
6906,mysticism
6907,mystical
6908,mutiny
6909,murderers
6910,multitudinous
6911,multiplying
6912,mr
6913,mounting
6914,morgenstern
6915,more’s
6916,monuments
6917,monotony
6918,moneymaking
6919,momentary
6920,modified
6921,misunderstanding
6922,missions
6923,missiles
6924,misled
6925,misfortunes
6926,miserably
6927,mirth
6928,ministry
6929,mind’s
6930,milk
6931,midway
6932,mid
6933,metrical
6934,metaphysic
6935,metaphorical
6936,metaphor
6937,metaph
6938,metals
6939,mess
6940,merrily
6941,merits
6942,memorabilia
6943,meed
6944,meditating
6945,meantime
6946,meannesses
6947,maturity
6948,maturer
6949,matured
6950,marvel
6951,marked
6952,marching
6953,marched
6954,manufactured
6955,mannerisms
6956,manike
6957,manifested
6958,manfully
6959,malpractices
6960,mahometans
6961,magnitude
6962,madmen
6963,lye
6964,luminous
6965,ludicrously
6966,lucky
6967,loveliest
6968,loud
6969,loosely
6970,locrians
6971,locomotion
6972,lo
6973,liveliness
6974,livelihood
6975,literatures
6976,lists
6977,listened
6978,likest
6979,lighten
6980,liberate
6981,levity
6982,letting
6983,lessened
6984,lengthen
6985,lend
6986,legends
6987,legein
6988,leg
6989,learner
6990,leaping
6991,leaning
6992,lean
6993,lawyers
6994,laments
6995,lamenting
6996,laboured
6997,laborious
6998,knowingly
6999,knife
7000,kissed
7001,kiss
7002,kingly
7003,kata
7004,jurisprudence
7005,jumped
7006,joys
7007,journeys
7008,jewish
7009,ivory
7010,isolated
7011,islands
7012,isis
7013,irritation
7014,irreligion
7015,investigated
7016,inventors
7017,inventing
7018,invasion
7019,introd
7020,interrogative
7021,interrogate
7022,interpretations
7023,interposed
7024,interlocutors
7025,intense
7026,intangible
7027,insults
7028,insulted
7029,inspectors
7030,insipid
7031,innermost
7032,innate
7033,injurer
7034,iniquity
7035,inhabited
7036,infused
7037,informing
7038,inextricably
7039,ineffectual
7040,industrial
7041,indulging
7042,induce
7043,individualism
7044,indistinct
7045,indirectly
7046,indignantly
7047,indifferent
7048,indications
7049,indication
7050,indicating
7051,indestructible
7052,independently
7053,independent
7054,indebted
7055,incurred
7056,incredulous
7057,incompatibility
7058,income
7059,incited
7060,incidentally
7061,inauspicious
7062,inanitions
7063,inactivity
7064,impure
7065,improperly
7066,implying
7067,impersonal
7068,impelled
7069,impediments
7070,impartially
7071,impairs
7072,impaired
7073,immutable
7074,immobility
7075,immense
7076,imbecility
7077,imagery
7078,illusions
7079,ignorantly
7080,idiot
7081,identifies
7082,identical
7083,hypothetical
7084,hypotenuse
7085,hymeneals
7086,husband’s
7087,hurries
7088,humbly
7089,horror
7090,horrid
7091,horribly
7092,horn
7093,hoping
7094,honourably
7095,hippolytus
7096,hindrance
7097,him—that
7098,highway
7099,hers
7100,hermocrates
7101,hermann
7102,herds
7103,heralds
7104,helps
7105,helm
7106,hellespont
7107,helios
7108,hegelian
7109,heedless
7110,heathen
7111,heartily
7112,hearken
7113,healthful
7114,healer
7115,headache
7116,hazard
7117,haunt
7118,hatreds
7119,haters
7120,hastily
7121,harvest
7122,harms
7123,harmonist
7124,hardships
7125,hangs
7126,handsome
7127,handicraft
7128,habitual
7129,guides
7130,guarding
7131,group
7132,groundwork
7133,grote
7134,grossness
7135,graven
7136,gratitude
7137,gratification
7138,grateful
7139,grandly
7140,grandchildren
7141,grammarian
7142,grain
7143,graceful
7144,governor
7145,goodly
7146,goat
7147,glance
7148,gladness
7149,girl
7150,girdle
7151,girders
7152,genuinely
7153,gentlest
7154,gazer
7155,gathers
7156,gates
7157,garb
7158,ganymede
7159,furthermore
7160,furious
7161,function
7162,fun
7163,fulfils
7164,fruitless
7165,framework
7166,fragmentary
7167,founder
7168,foundations
7169,fortress
7170,fortifications
7171,forger
7172,forcing
7173,follies
7174,flux
7175,flutes
7176,flown
7177,fleeces
7178,flashing
7179,fixing
7180,fixedness
7181,fingers
7182,fig
7183,fictitious
7184,fewest
7185,fetched
7186,fellowship
7187,feebleness
7188,feats
7189,faults
7190,faultless
7191,fatten
7192,fasten
7193,fascination
7194,farthest
7195,farewell
7196,fare
7197,fangled
7198,familiarity
7199,fallacious
7200,facility
7201,extracts
7202,extracting
7203,extensive
7204,export
7205,explicit
7206,expediency
7207,expecting
7208,expectations
7209,existence’
7210,existences
7211,exhort
7212,exert
7213,exempt
7214,executing
7215,excuses
7216,exciting
7217,exchanged
7218,examining
7219,evolutions
7220,eurypylus
7221,european
7222,eulogists
7223,estimation
7224,esteem
7225,errs
7226,eretrians
7227,eretria
7228,equable
7229,epithet
7230,epilepsy
7231,epicureanism
7232,entreaties
7233,entreated
7234,entertains
7235,entertainments
7236,entering
7237,ensued
7238,enrolled
7239,enquirers
7240,ennoble
7241,enlightenment
7242,enjoying
7243,enjoyed
7244,enjoin
7245,england
7246,engage
7247,enforcement
7248,encourages
7249,encouragement
7250,encomiums
7251,enchanting
7252,encamped
7253,enacts
7254,enabled
7255,employs
7256,empirically
7257,empires
7258,emphatically
7259,emotions
7260,eminently
7261,emigrate
7262,embryo
7263,embroidery
7264,embroidered
7265,embassy
7266,eloquence
7267,elementary
7268,elegiac
7269,electing
7270,elbow
7271,elasticity
7272,eipein
7273,eighty
7274,effluence
7275,effecting
7276,edge
7277,ecstasy
7278,earthquake
7279,eagerness
7280,dyes
7281,dye
7282,dust
7283,duller
7284,drunkards
7285,drunkard
7286,dropped
7287,drill
7288,dresses
7289,dreamed
7290,dramas
7291,dragging
7292,doubting
7293,door
7294,doings
7295,dogmatic
7296,doctored
7297,divorces
7298,diviners
7299,divinely
7300,dithyramb
7301,dissent
7302,disregards
7303,disprove
7304,display
7305,disinterestedness
7306,disgracefully
7307,disfigured
7308,disengaged
7309,discontented
7310,disbelieve
7311,disapprove
7312,disappointed
7313,disappearance
7314,directing
7315,dimly
7316,diminishing
7317,diminishes
7318,digressed
7319,dice
7320,dicast
7321,devising
7322,developes
7323,develop
7324,devastate
7325,detestable
7326,deteriorates
7327,deter
7328,destined
7329,despot
7330,designs
7331,descriptive
7332,descriptions
7333,descended
7334,derives
7335,depreciating
7336,depraved
7337,depicted
7338,depict
7339,departs
7340,departments
7341,denounced
7342,denounce
7343,demagogues
7344,deluges
7345,deliverance
7346,delineation
7347,delighting
7348,deliberation
7349,deliberately
7350,dei
7351,degenerates
7352,degenerated
7353,degenerate
7354,defining
7355,defer
7356,defended
7357,deeming
7358,decrees
7359,decoying
7360,declined
7361,decency
7362,debtors
7363,david
7364,dates
7365,dancers
7366,daedalus
7367,dactylic
7368,cylinder
7369,curiosity
7370,cures
7371,curb
7372,cruelty
7373,crowning
7374,cresphontes
7375,credits
7376,credible
7377,cow
7378,courteously
7379,courageously
7380,counts
7381,corrupts
7382,corrupters
7383,corner
7384,corinthian
7385,coping
7386,copies
7387,copied
7388,cookery
7389,convulsions
7390,convert
7391,convention
7392,contribution
7393,contradicting
7394,contracted
7395,contract
7396,contends
7397,contemplates
7398,consume
7399,construct
7400,constraining
7401,constrained
7402,constitutional
7403,constitutes
7404,conspired
7405,consequently
7406,consecrating
7407,conscience
7408,confusing
7409,confession
7410,confers
7411,conduces
7412,condiments
7413,condescends
7414,concluded
7415,conclude
7416,concert
7417,conceives
7418,conceits
7419,concealing
7420,compunction
7421,comprehending
7422,composing
7423,composers
7424,complications
7425,complicated
7426,compass
7427,communities
7428,commonwealths
7429,commodities
7430,committing
7431,commissioners
7432,coloured
7433,colonels
7434,collusion
7435,collet
7436,collective
7437,collect
7438,coleridge
7439,coins
7440,coin
7441,cocks
7442,cock
7443,cloak
7444,clime
7445,climate
7446,civilised
7447,civic
7448,citations
7449,circuitous
7450,churches
7451,christianity
7452,choric
7453,chirruping
7454,cherish
7455,cheese
7456,cheap
7457,charondas
7458,charmed
7459,channel
7460,chanced
7461,challenge
7462,chained
7463,chain
7464,cautious
7465,casts
7466,caste
7467,carelessly
7468,career
7469,capture
7470,captain’s
7471,captains
7472,candle
7473,campanella
7474,campaign
7475,callings
7476,calamities
7477,bystanders
7478,bystander
7479,buyers
7480,busybody
7481,burst
7482,burnt
7483,burn
7484,bunch
7485,builders
7486,brutes
7487,broadest
7488,brightness
7489,brightest
7490,bridegrooms
7491,bribery
7492,breeds
7493,breeder
7494,boyhood
7495,boundary
7496,bore
7497,boon
7498,boldness
7499,blossom
7500,blooming
7501,bloom
7502,blasphemy
7503,blaspheme
7504,bishop
7505,binds
7506,betrothed
7507,betray
7508,beseech
7509,bequest
7510,bequeath
7511,bent
7512,benevolence
7513,bendis
7514,bee
7515,beating
7516,beatific
7517,baths
7518,bath
7519,baseness
7520,basely
7521,bark
7522,banks
7523,balm
7524,ballot
7525,balances
7526,awarded
7527,awaiting
7528,averted
7529,avail
7530,auxiliary
7531,authorized
7532,aught
7533,auditors
7534,attractive
7535,attraction
7536,attainments
7537,attachment
7538,attaching
7539,atonement
7540,atlantis’
7541,assyrians
7542,assyria
7543,assimilates
7544,assigns
7545,assignment
7546,assertions
7547,assemble
7548,assailant
7549,aspirant
7550,article
7551,arrows
7552,arrival
7553,arousing
7554,armenius
7555,aristotelian
7556,aristocracies
7557,aright
7558,arena
7559,archon
7560,architecture
7561,ar
7562,approver
7563,apprehended
7564,appoints
7565,applauded
7566,appended
7567,appealing
7568,appealed
7569,apparel
7570,apologizes
7571,anyone
7572,antidote
7573,anticipations
7574,anticipating
7575,antagonists
7576,announce
7577,analysed
7578,america
7579,ambiguity
7580,ambiguities
7581,amazons
7582,amateurs
7583,alternatives
7584,alluding
7585,alluded
7586,allude
7587,alloyed
7588,allowance
7589,allowable
7590,allotments
7591,allotment
7592,allegories
7593,alcibiades
7594,agreeing
7595,agreeably
7596,agony
7597,agents
7598,affording
7599,advocates
7600,advised
7601,advancing
7602,adopts
7603,adopting
7604,ado
7605,administrative
7606,adduce
7607,addressing
7608,addresses
7609,adamant
7610,acumenus
7611,acquiesce
7612,acknowledgment
7613,accuses
7614,accurately
7615,accords
7616,accomplishment
7617,accomplishes
7618,accessible
7619,abruptly
7620,abrupt
7621,abolish
7622,abated
7623,“the
7624,’tis
7625,‘yes’
7626,‘which
7627,‘way
7628,‘was
7629,‘war
7630,‘utopia’
7631,‘two
7632,‘thou
7633,‘their
7634,‘states
7635,‘somnium
7636,‘so
7637,‘shall
7638,‘right
7639,‘oak
7640,‘now
7641,‘my
7642,‘must
7643,‘monstrous
7644,‘master
7645,‘many’
7646,‘lover
7647,‘like
7648,‘justice
7649,‘just
7650,‘it
7651,‘howbeit
7652,‘honey
7653,‘his
7654,‘happiness’
7655,‘half
7656,‘great
7657,‘gifts
7658,‘friend
7659,‘drink
7660,‘de
7661,‘common
7662,‘city
7663,‘can
7664,‘because
7665,‘art
7666,‘any
7667,‘alas
7668,—‘that
7669,—you
7670,—would
7671,—will
7672,—why
7673,—whether
7674,—such
7675,—it
7676,—imagine
7677,—here
7678,—for
7679,—do
7680,—at
7681,zeno
7682,zealous
7683,yields
7684,yellower
7685,years’
7686,yea
7687,wroth
7688,wronging
7689,writer’s
7690,wretches
7691,wrestler
7692,wrecked
7693,worshipping
7694,worldly
7695,workmanship
7696,woods
7697,won’t
7698,wondered
7699,womankind
7700,womanhood
7701,wolf—that
7702,woe
7703,witnessed
7704,withheld
7705,wished
7706,winning
7707,willed
7708,wilfully
7709,wildly
7710,wilderness
7711,widened
7712,whosoever
7713,whomsoever
7714,whitest
7715,whited
7716,whereabouts
7717,wept
7718,wedlock
7719,weave
7720,wears
7721,weariness
7722,wealthier
7723,weal
7724,weakened
7725,waxing
7726,waxed
7727,watering
7728,watchman
7729,wastes
7730,wast
7731,washing
7732,warms
7733,warmly
7734,wane
7735,wanderers
7736,wallowing
7737,wakeful
7738,wages
7739,vox
7740,voters
7741,voter
7742,votary
7743,voluminous
7744,vocation
7745,vocal
7746,vivid
7747,vital
7748,visits
7749,visitors
7750,visionaries
7751,visibility
7752,visage
7753,vintage
7754,vineyards
7755,vindication
7756,villains
7757,viewing
7758,vials
7759,veterans
7760,vestigiis
7761,vestiges
7762,vestibule
7763,verification
7764,verdict
7765,verbally
7766,venus
7767,ventures
7768,veins
7769,vehemently
7770,vault
7771,vanquished
7772,vanishes
7773,valley
7774,valid
7775,vague
7776,uttermost
7777,upset
7778,unwise
7779,unwearied
7780,unwarlike
7781,unvarying
7782,unusually
7783,unused
7784,untrained
7785,unsuitableness
7786,unsubstantial
7787,unsound
7788,unscathed
7789,unsatisfactory
7790,unrighteously
7791,unregulated
7792,unrealized
7793,unpurified
7794,unprovided
7795,unpropitious
7796,unprofitable
7797,unprepared
7798,unpopular
7799,unpoetical
7800,unpleasantly
7801,unperceived
7802,unobserved
7803,unnoticed
7804,unmusical
7805,unmingled
7806,unmanly
7807,university
7808,universality
7809,unique
7810,uninstructed
7811,uninformed
7812,unguarded
7813,unfriendly
7814,unfitted
7815,unfitness
7816,unfaithful
7817,unexplained
7818,unenvious
7819,uneasiness
7820,unduly
7821,undone
7822,undistinguished
7823,undisputed
7824,underwent
7825,undertaking
7826,undertakes
7827,undergirders
7828,undazzled
7829,uncritical
7830,uncontrolled
7831,unconsecrated
7832,unconsciousness
7833,uncommon
7834,uncles
7835,uncharitableness
7836,unchanging
7837,unchanged
7838,unbridled
7839,unborn
7840,unbidden
7841,unbelieving
7842,unavoidably
7843,unattended
7844,unanimous
7845,unaltered
7846,unaffected
7847,unadulterated
7848,unaccompanied
7849,umpires
7850,twin
7851,tunic
7852,tumultuous
7853,tullius
7854,truth’
7855,trustworthy
7856,trunk
7857,true—that
7858,trove
7859,troop
7860,trivial
7861,trireme
7862,triptolemus
7863,tripod
7864,trifle
7865,trick
7866,tribesmen
7867,triad
7868,trench
7869,treasuries
7870,treasurer
7871,treading
7872,treacherous
7873,travellers
7874,travelled
7875,transpositions
7876,translating
7877,transitional
7878,transient
7879,transgressions
7880,transgressing
7881,transform
7882,transcendental
7883,transaction
7884,trammels
7885,traitors
7886,trains
7887,trail
7888,tradesman
7889,touton
7890,torturing
7891,tortures
7892,torture
7893,torrents
7894,torn
7895,tormenting
7896,tormented
7897,tolmai
7898,toleration
7899,tolerant
7900,tolerable
7901,token
7902,tois
7903,toiling
7904,titanic
7905,tiresome
7906,tired
7907,timocrat
7908,tilled
7909,thyestes
7910,thurii
7911,thunderbolt
7912,thumos
7913,threw
7914,threshold
7915,threatened
7916,threadbare
7917,thracian
7918,this—he
7919,thin
7920,thickness
7921,thick
7922,thessaly
7923,theses
7924,thersites
7925,thereof
7926,thence
7927,them—he
7928,themis
7929,thebes
7930,theagenes
7931,thales
7932,texture
7933,tetrachord
7934,tenderness
7935,tempts
7936,temporal
7937,tease
7938,tearing
7939,tautology
7940,tasteless
7941,tarentines
7942,talked
7943,sympathize
7944,sympathetic
7945,sword
7946,swinish
7947,swineherds
7948,swindlers
7949,swimming
7950,swell
7951,sweets
7952,sweetness
7953,sweetest
7954,sweat
7955,sway
7956,swathe
7957,suspicions
7958,suspended
7959,survived
7960,survival
7961,surrender
7962,surpasses
7963,surpass
7964,surmounted
7965,surfaces
7966,supporting
7967,supporters
7968,supporter
7969,supplemented
7970,supervise
7971,superstitious
7972,suns
7973,sunrise
7974,sunk
7975,sundry
7976,suitors
7977,suitableness
7978,suicide
7979,suckling
7980,successively
7981,successes
7982,subverter
7983,subvert
7984,suburbs
7985,subtracting
7986,substantives
7987,substantially
7988,subsistence
7989,subordinate
7990,subdues
7991,subdue
7992,subdivision
7993,subdivide
7994,styx
7995,styled
7996,stumble
7997,struggled
7998,stroke
7999,stripe
8000,strip
8001,strictness
8002,stricter
8003,strenuously
8004,stratagem
8005,strait
8006,straightway
8007,stores
8008,stored
8009,stopping
8010,stopped
8011,stoop
8012,stolid
8013,stoical
8014,sting—that
8015,stimulates
8016,stimulated
8017,steadily
8018,stead
8019,staying
8020,stations
8021,state’s
8022,stag
8023,staff
8024,stadium
8025,squeezed
8026,squalid
8027,spur
8028,springing
8029,spreading
8030,sprang
8031,spontaneous
8032,spoiling
8033,spoiled
8034,spinster
8035,spermata
8036,spercheius
8037,spendthrifts
8038,spell
8039,specious
8040,spark
8041,sows
8042,sovereignty
8043,sourness
8044,soul—reason
8045,souls’
8046,sorrowing
8047,sorely
8048,sophiston
8049,soonest
8050,sometime
8051,solemnly
8052,softening
8053,soap
8054,smoother
8055,smiles
8056,smell
8057,sly
8058,slumbering
8059,slumber
8060,slighting
8061,slept
8062,slenderly
8063,slaying
8064,slanders
8065,skins
8066,skin
8067,situations
8068,sirs
8069,sire
8070,sinners
8071,simpleton
8072,simmias
8073,similitude
8074,silently
8075,signify
8076,significant
8077,sieve
8078,siege
8079,sidonian
8080,sic
8081,shrank
8082,shot
8083,shopkeeper
8084,shoemaking
8085,shocking
8086,shines
8087,shine
8088,shift
8089,sheer
8090,shedding
8091,sharpest
8092,shamelessly
8093,shameful
8094,shaken
8095,severest
8096,severed
8097,seventeen
8098,servius
8099,servile
8100,serviceable
8101,sermon
8102,sepulture
8103,sepulchral
8104,separations
8105,separable
8106,sentimentalism
8107,sentimental
8108,semi
8109,seizing
8110,seemly
8111,seeker
8112,seductions
8113,seducer
8114,seditions
8115,sedition
8116,securing
8117,secular
8118,sect
8119,secrecy
8120,seated
8121,seamy
8122,seaboard
8123,sculptor
8124,scrutinies
8125,scrupulously
8126,screen
8127,scrape
8128,scourge
8129,score
8130,scipionis
8131,schoolmasters
8132,schooled
8133,scholia
8134,sceptical
8135,scenes
8136,say—that
8137,saws
8138,satiety
8139,sarpedon
8140,sapless
8141,sank
8142,sandals
8143,sample
8144,sales
8145,sakes
8146,saints
8147,saint
8148,sails
8149,sagacious
8150,sadness
8151,sadly
8152,sacrilegious
8153,rushing
8154,runaway
8155,rumour
8156,ruins
8157,ruggedness
8158,rudely
8159,rub
8160,rougher
8161,roots
8162,romances
8163,roars
8164,riotous
8165,rings
8166,rims
8167,righteousness
8168,ridiculously
8169,riddle
8170,rhegium
8171,rhapsodes
8172,revolves
8173,revived
8174,revilings
8175,reviling
8176,reviled
8177,reverts
8178,reverential
8179,reverenced
8180,revenues
8181,revenue
8182,revelries
8183,revealing
8184,retrogression
8185,retort
8186,retiring
8187,retirement
8188,retentive
8189,retaliation
8190,retainers
8191,retailer
8192,resumes
8193,resume
8194,restricted
8195,response
8196,respondents
8197,resorted
8198,resignation
8199,residence
8200,reservoirs
8201,resembling
8202,resembled
8203,rescinded
8204,repulsion
8205,republics
8206,reprovers
8207,reproduce
8208,repression
8209,repressed
8210,repress
8211,reported
8212,replaced
8213,repelling
8214,reparation
8215,repaid
8216,renounces
8217,renewal
8218,renew
8219,rend
8220,reminds
8221,relish
8222,relieves
8223,reliefs
8224,relied
8225,relaxations
8226,rejoined
8227,rejoicings
8228,rejection
8229,reigns
8230,rehearsing
8231,regrets
8232,registration
8233,regardlessness
8234,regain
8235,refund
8236,refuge
8237,refreshed
8238,refrains
8239,reforms
8240,reformers
8241,reflective
8242,refinement
8243,reducing
8244,recurrence
8245,recruits
8246,recreation
8247,reconcilement
8248,reconcileable
8249,recommends
8250,recklessly
8251,recent
8252,recapitulation
8253,recapitulate
8254,rebuking
8255,reascend
8256,reared
8257,reappeared
8258,reap
8259,realised
8260,reads
8261,reader’s
8262,ravens
8263,ratios
8264,rations
8265,rationally
8266,rash
8267,rapt
8268,rapidly
8269,ranked
8270,ran
8271,rampart
8272,rage
8273,rack
8274,quotations
8275,quintilian
8276,quiets
8277,quickened
8278,quicken
8279,question—whether
8280,questionable
8281,quarters
8282,quarrelled
8283,quaint
8284,quadruple
8285,pythagoreanism
8286,puzzling
8287,purveyor
8288,pursuer
8289,purifying
8290,purges
8291,puppy
8292,puppies
8293,puny
8294,pulpit
8295,pulled
8296,pugnacious
8297,puffing
8298,publication
8299,psychological
8300,prowess
8301,provoking
8302,provocation
8303,provisionally
8304,provisional
8305,province
8306,providentially
8307,provident
8308,proverbs
8309,props
8310,propositions
8311,proportionally
8312,prophesy
8313,prophecies
8314,pronounces
8315,pronounced
8316,promoted
8317,prominent
8318,progression
8319,progresses
8320,profligate
8321,profits
8322,professed
8323,productions
8324,producers
8325,prodigal
8326,procles
8327,procession
8328,prisoner
8329,principle—god
8330,princesses
8331,prince
8332,priestly
8333,priestess
8334,pricks
8335,priam
8336,pretension
8337,pretenders
8338,presume
8339,prestige
8340,president
8341,preserver
8342,preservative
8343,presentiment
8344,premised
8345,pregnant
8346,pregnancy
8347,prefix
8348,precincts
8349,precedes
8350,precautions
8351,precaution
8352,preaches
8353,preached
8354,prater
8355,practitioner
8356,pours
8357,pouring
8358,pottery
8359,potters’
8360,posteriori
8361,post
8362,positively
8363,positions
8364,poseidon
8365,portraits
8366,populace
8367,poorest
8368,pomp
8369,pomegranates
8370,polydamas
8371,pollux
8372,polish
8373,pointed
8374,plutus
8375,plunging
8376,plunged
8377,plunge
8378,plough
8379,plotting
8380,plots
8381,plight
8382,plegon
8383,pledged
8384,pleasantness
8385,pleading
8386,plausibility
8387,platitudes
8388,planting
8389,plantations
8390,plans
8391,planes
8392,plains
8393,plainness
8394,placid
8395,pitiful
8396,pitiable
8397,pithy
8398,pilgrim
8399,piled
8400,pig
8401,physically
8402,physic
8403,phratry
8404,phratria
8405,phrases
8406,phlegm
8407,phidias
8408,pheidias
8409,phase
8410,petty
8411,peter
8412,pestilence
8413,pervert
8414,perversion
8415,pervading
8416,personified
8417,persists
8418,persisting
8419,persia
8420,perseveres
8421,persephone
8422,persecution
8423,perplexities
8424,permits
8425,perishing
8426,periander
8427,peri
8428,perfecting
8429,perdiccas
8430,perceptible
8431,percentage
8432,people’s
8433,penetrate
8434,penestae
8435,pen
8436,pelops
8437,peloponnesians
8438,peloponnesian
8439,peleus
8440,peirithous
8441,pegs
8442,peculiarity
8443,peasants
8444,pears
8445,pearls
8446,pausanias
8447,patrons
8448,patronage
8449,patched
8450,particle
8451,participation
8452,parley
8453,paraphrase
8454,parallelism
8455,paralleled
8456,parables
8457,pans
8458,panegyrists
8459,pancratium
8460,pamphylian
8461,palpitation
8462,pairs
8463,paired
8464,pained
8465,paidon
8466,paeans
8467,p
8468,o’er
8469,ox
8470,ownership
8471,owned
8472,overwhelming
8473,overwhelmed
8474,overthrew
8475,overtake
8476,overseers
8477,overmasters
8478,overlooked
8479,overlook
8480,overgrown
8481,overflow
8482,overcoming
8483,overcomes
8484,outrageous
8485,outrage
8486,outlines
8487,outlet
8488,outlaw
8489,ou
8490,orrery
8491,orphanhood
8492,orithyia
8493,originating
8494,organs
8495,orations
8496,oracular
8497,optimism
8498,oppressed
8499,oppositions
8500,one’
8501,one—the
8502,omniscient
8503,omniscience
8504,omits
8505,omiliai
8506,omens
8507,olympus
8508,oi
8509,officials
8510,official
8511,odes
8512,observable
8513,obscene
8514,obnoxious
8515,obligatory
8516,objectionable
8517,oarsmen
8518,oaks
8519,nurturing
8520,nurturers
8521,numbering
8522,novels
8523,nourishes
8524,nought
8525,nou
8526,nostrums
8527,northern
8528,north
8529,nomothesiai
8530,nominated
8531,nominally
8532,nodding
8533,nod
8534,nobleness
8535,nineteen
8536,nightly
8537,nightingale
8538,nicomachean
8539,netted
8540,net
8541,nests
8542,nervous
8543,nemesis
8544,neighbour’s
8545,neighbours’
8546,nectar
8547,necks
8548,necklace
8549,necessitate
8550,neatherds
8551,nearness
8552,nautical
8553,natured
8554,natives
8555,nationality
8556,narrator
8557,narratives
8558,mythus
8559,mythical
8560,myrtle
8561,mutinous
8562,muthos
8563,muscular
8564,murmur
8565,mourners
8566,mounted
8567,mountain
8568,motley
8569,motherland
8570,morrow
8571,moroseness
8572,moralist
8573,moods
8574,mood
8575,monument
8576,monsters
8577,monotonous
8578,monopoly
8579,monopolize
8580,monastic
8581,moisture
8582,moderating
8583,modelled
8584,mock
8585,mobs
8586,mitigate
8587,misunderstood
8588,mists
8589,misstatements
8590,missed
8591,misrepresented
8592,miser
8593,mischiefs
8594,misbehaviour
8595,misapprehend
8596,miracles
8597,miracle
8598,minority
8599,ministering
8600,mingles
8601,mill
8602,milesian
8603,mildest
8604,metrodorus
8605,metres
8606,metaphysicians
8607,metaphorically
8608,metallurgy
8609,messenians
8610,merry
8611,mercury
8612,merciful
8613,merchandise
8614,men’
8615,mentions
8616,menoetius
8617,menelaus
8618,mendicant
8619,melt
8620,melodious
8621,mellow
8622,melancholy
8623,medical
8624,median
8625,mediaeval
8626,meddling
8627,mechanical
8628,meanings
8629,meagreness
8630,meagre
8631,meadows
8632,maternal
8633,mate
8634,master’s
8635,masse
8636,mask
8637,masculine
8638,marvels
8639,marvellously
8640,marsyas
8641,marshes
8642,marsh
8643,mars
8644,marks
8645,mariandynians
8646,marble
8647,manufacture
8648,manslaughter
8649,mansions
8650,mannerism
8651,manliness
8652,manikins
8653,manifestly
8654,maniai
8655,manager
8656,manageable
8657,malignant
8658,malicious
8659,mala
8660,maintainers
8661,maintainer
8662,mainspring
8663,magnanimous
8664,magisterial
8665,magicians
8666,magician
8667,maddened
8668,madden
8669,machinery
8670,macareus
8671,lyrical
8672,lyes
8673,lustful
8674,lordships
8675,loosened
8676,logographers
8677,lodging
8678,littles
8679,literal
8680,listeners
8681,liquids
8682,lions
8683,link
8684,lingering
8685,limiting
8686,limitation
8687,likings
8688,liking
8689,like—they
8690,likened
8691,lightning
8692,lightened
8693,lifting
8694,life’
8695,licensed
8696,lexicographers
8697,leontius
8698,lent
8699,lenient
8700,lending
8701,leather
8702,learners
8703,leagued
8704,leaden
8705,laxity
8706,laurel
8707,laughs
8708,largely
8709,languages
8710,landmark
8711,lambs
8712,laius
8713,lady
8714,ladder
8715,laches
8716,krisis
8717,knots
8718,kindnesses
8719,kick
8720,ken
8721,keenness
8722,keenest
8723,keel
8724,kant
8725,justifying
8726,justifiable
8727,jury
8728,juris
8729,jupiter
8730,jugglers
8731,judgement
8732,joins
8733,jews
8734,jean
8735,jaws
8736,javelin
8737,j
8738,italian
8739,isolate
8740,ismenias
8741,irritated
8742,irresponsible
8743,irrespective
8744,irrelevant
8745,ionic
8746,involution
8747,invocations
8748,invites
8749,inverse
8750,invalids
8751,introductory
8752,intolerant
8753,intolerance
8754,interweave
8755,interpreted
8756,intermingled
8757,interminable
8758,interment
8759,interfered
8760,interdicted
8761,interdict
8762,inter
8763,intentional
8764,intensely
8765,intelligibly
8766,intelligently
8767,insubordination
8768,insubordinate
8769,instituting
8770,instigated
8771,inspires
8772,insert
8773,insensible
8774,inquisition
8775,inordinate
8776,injuriously
8777,injunctions
8778,inimitable
8779,inimical
8780,inheritances
8781,inherit
8782,inhering
8783,influential
8784,infernal
8785,infection
8786,infatuation
8787,infantry
8788,infamous
8789,indulgences
8790,inductive
8791,induction
8792,indivisible
8793,individuality
8794,indistinguishable
8795,indispensable
8796,indiscriminate
8797,indiscreet
8798,indicting
8799,india
8800,indelibly
8801,indefinite
8802,incurring
8803,incrustations
8804,incompatible
8805,inclining
8806,incidental
8807,incestuous
8808,incest
8809,incentives
8810,incense
8811,incapacity
8812,inappropriateness
8813,inappropriate
8814,imputation
8815,impurities
8816,impregnable
8817,impracticable
8818,impotent
8819,importation
8820,implement
8821,implants
8822,implanting
8823,impiously
8824,impetuous
8825,imperial
8826,imperfections
8827,impending
8828,impatiently
8829,impaled
8830,impair
8831,immemorial
8832,immeasurably
8833,imeros
8834,imbecile
8835,illusive
8836,illnesses
8837,idling
8838,identification
8839,idealized
8840,iccus
8841,huntsmen
8842,hunter
8843,hungers
8844,hung
8845,humorous
8846,humane
8847,hull
8848,huge
8849,hue
8850,households
8851,householders
8852,householder
8853,hounds
8854,hospitable
8855,hortatory
8856,horrors
8857,hopeless
8858,hoped
8859,honeymoon
8860,honeyed
8861,homely
8862,holidays
8863,holiday
8864,holes
8865,hole
8866,hoard
8867,historians
8868,hireling
8869,hippias
8870,hipparchs
8871,hints
8872,hindering
8873,hinderers
8874,him—will
8875,hierophants
8876,hides
8877,hesiod’s
8878,hes
8879,hermes
8880,heretofore
8881,heredity
8882,hereby
8883,heracles
8884,heracleid
8885,heraclea
8886,henry
8887,henceforward
8888,helper
8889,helmet
8890,heiresses
8891,heiress
8892,heinous
8893,heightened
8894,heeds
8895,heating
8896,heaping
8897,healed
8898,haunts
8899,hater
8900,hastening
8901,haste
8902,harshness
8903,harmonizing
8904,harmonize
8905,harmonists
8906,harmonised
8907,harmoniously
8908,harmed
8909,hardened
8910,harbour
8911,hang
8912,handicrafts
8913,halves
8914,halt
8915,gymnast
8916,gymnasium
8917,guests
8918,guessed
8919,guarantee
8920,grove
8921,grim
8922,green
8923,graver
8924,gratis
8925,grass
8926,grape
8927,grants
8928,grander
8929,grammatical
8930,grammar
8931,gradations
8932,gracefully
8933,governesses
8934,gospel
8935,gortys
8936,gorg
8937,goings
8938,goethe
8939,goddesses
8940,goads
8941,gloves
8942,globes
8943,globe
8944,glimpses
8945,glide
8946,glaucus
8947,glaucon’s
8948,glancing
8949,giddiness
8950,ghosts
8951,germs
8952,geometrician
8953,gentry
8954,generalizes
8955,generality
8956,ge
8957,gazing
8958,gazed
8959,gatherers
8960,garrulity
8961,garland
8962,gainers
8963,gaiety
8964,funnel
8965,frogs
8966,fro
8967,frightened
8968,friar
8969,frequency
8970,fray
8971,fraudulent
8972,frankness
8973,frankincense
8974,fragrance
8975,fox
8976,fowler
8977,fountained
8978,foster
8979,forwards
8980,forwardness
8981,fortify
8982,forsaken
8983,forsake
8984,formless
8985,formally
8986,forgiving
8987,forgeries
8988,forged
8989,foresight
8990,forebodings
8991,forcibly
8992,forbade
8993,footsteps
8994,footpad
8995,foolishly
8996,fondly
8997,foe
8998,foaming
8999,fluttering
9000,flutter
9001,fluently
9002,fluctuations
9003,flourishes
9004,floating
9005,float
9006,flitting
9007,flights
9008,fleet
9009,flaws
9010,flatters
9011,flat
9012,fixtures
9013,firmness
9014,fingers—a
9015,filial
9016,fifteenth
9017,fiercest
9018,fierceness
9019,ff
9020,fever
9021,festivities
9022,fervour
9023,fertility
9024,ferocity
9025,felling
9026,feigning
9027,feather
9028,feat
9029,feasting
9030,fawns
9031,fawn
9032,favourites
9033,fatherly
9034,fatherland
9035,fatality
9036,fastens
9037,fascinated
9038,farther
9039,fantastic
9040,familiars
9041,familiarly
9042,faltering
9043,fallacy
9044,fades
9045,factors
9046,facetiously
9047,fabulous
9048,f
9049,eyewitness
9050,extraneous
9051,extortionate
9052,extinct
9053,exterior
9054,extant
9055,exquisite
9056,expunge
9057,expound
9058,exposure
9059,exported
9060,exportation
9061,explicitly
9062,expiations
9063,expert
9064,experiment
9065,experiencing
9066,expended
9067,expanse
9068,exotic
9069,exordium
9070,existent
9071,exhortations
9072,exhibitions
9073,exerted
9074,excusing
9075,excites
9076,excite
9077,excitable
9078,excesses
9079,exceptional
9080,excels
9081,excellently
9082,examined
9083,exaction
9084,exacting
9085,evilly
9086,evidences
9087,evenus
9088,euthyphro
9089,eurysthenes
9090,eunuchs
9091,eunuch
9092,eulogies
9093,ethos
9094,et
9095,essences
9096,erroneously
9097,eristic
9098,eriphyle
9099,erased
9100,erase
9101,equity
9102,equipped
9103,equilibrium
9104,equanimity
9105,equalized
9106,equalities
9107,epoch
9108,epitaph
9109,epinomis
9110,epilogue
9111,epidemic
9112,epeus
9113,epeius
9114,ep
9115,envied
9116,enumeration
9117,enumerating
9118,enumerate
9119,entrance
9120,entrails
9121,entombed
9122,entitled
9123,enthroned
9124,enterprises
9125,enterprise
9126,ensues
9127,ensue
9128,enslaving
9129,ennobling
9130,ennobled
9131,enmities
9132,enjoys
9133,enjoyments
9134,engrossing
9135,engender
9136,enfeebled
9137,enervating
9138,energetic
9139,endeavoured
9140,encroachments
9141,encroaches
9142,encouraging
9143,enclosure
9144,enamoured
9145,emulous
9146,empirics
9147,empirical
9148,emotional
9149,emmeleiai
9150,emigration
9151,embracing
9152,embraced
9153,embodies
9154,eleusinian
9155,elector
9156,elective
9157,elastic
9158,elaborate
9159,ek
9160,einai
9161,efficiency
9162,effeminate
9163,educates
9164,edges
9165,economies
9166,economic
9167,echthrois
9168,ecclesiastical
9169,eats
9170,eaters
9171,eagle
9172,eagerly
9173,dynasties
9174,dyers
9175,dyed
9176,durance
9177,dumb
9178,dulness
9179,dualism
9180,drown
9181,dross
9182,dropping
9183,droop
9184,dressing
9185,dressed
9186,dreaming
9187,dreamers
9188,dreamer
9189,dotage
9190,dose
9191,doom
9192,dominant
9193,domains
9194,doctoring
9195,divorced
9196,divinities
9197,divinest
9198,divination
9199,divested
9200,diversity
9201,diversities
9202,dithyrambs
9203,dithyrambics
9204,disuse
9205,distrust
9206,distributions
9207,distracts
9208,distracting
9209,distorted
9210,distinctness
9211,distinctive
9212,distances
9213,dissolves
9214,dissolutions
9215,dissolute
9216,dissimilarity
9217,disrepute
9218,disqualified
9219,disputing
9220,disputation
9221,disproven
9222,disproportionate
9223,disposal
9224,dispensed
9225,dispensation
9226,dispensaries
9227,disowned
9228,disinter
9229,disinherit
9230,disinclined
9231,dishonestly
9232,disgusted
9233,disguises
9234,disguised
9235,discrepancy
9236,discreet
9237,discreditable
9238,discontent
9239,discerning
9240,discarded
9241,discard
9242,disbelief
9243,disaster
9244,disapproved
9245,disappears
9246,disagreement
9247,disagreeing
9248,disabled
9249,dirt
9250,dire
9251,diotima
9252,dioscuri
9253,diomede
9254,dinning
9255,dimensions
9256,digressions
9257,digressing
9258,digits
9259,digging
9260,diffuse
9261,differed
9262,diction
9263,dictates
9264,dicasteries
9265,dianome
9266,dialecticians
9267,dialect
9268,dexterity
9269,developing
9270,devastation
9271,detestation
9272,deteriorate
9273,detaining
9274,detain
9275,destructive
9276,destroyer
9277,despoil
9278,despiser
9279,desperate
9280,desolation
9281,desirableness
9282,designates
9283,deserting
9284,des
9285,deranged
9286,deprives
9287,deprivation
9288,depreciatory
9289,depreciates
9290,depreciate
9291,deposits
9292,deposed
9293,deportment
9294,dependence
9295,depended
9296,denounces
9297,denote
9298,demosthenes
9299,demonstrated
9300,demonstrate
9301,demigod
9302,demeter
9303,demanding
9304,demanded
9305,demagogue
9306,deluged
9307,deluded
9308,delphic
9309,delineate
9310,deign
9311,defy
9312,defrauded
9313,definitions
9314,definitely
9315,defines
9316,defiled
9317,deferred
9318,defensible
9319,defeating
9320,defaulter
9321,deer
9322,deduction
9323,deducted
9324,decree
9325,declines
9326,decked
9327,decides
9328,decidedly
9329,deceiver
9330,debars
9331,dealt
9332,deals
9333,daylight
9334,daybreak
9335,dawned
9336,daughter’s
9337,dative
9338,dart
9339,darker
9340,dardanus
9341,dardania
9342,damsel
9343,dainty
9344,cypresses
9345,cynical
9346,cycles
9347,cushioned
9348,curetes
9349,cultivating
9350,cultivates
9351,crude
9352,crowded
9353,cronus
9354,croesus
9355,criticised
9356,critic
9357,crept
9358,creophylus
9359,creditable
9360,credibility
9361,crafty
9362,crafts
9363,crabbed
9364,covetousness
9365,covers
9366,covering
9367,covered
9368,courtezans
9369,courteous
9370,couple
9371,countless
9372,costly
9373,correlative
9374,correctness
9375,corrections
9376,corporeal
9377,corinth
9378,cordial
9379,cord
9380,cooks
9381,cooking
9382,converting
9383,conveniences
9384,convenience
9385,controversies
9386,controls
9387,controlling
9388,contriver
9389,continent
9390,context
9391,contents
9392,contemptuous
9393,contact
9394,consummate
9395,consulted
9396,consultation
9397,constructions
9398,constructing
9399,constraint
9400,constrains
9401,constancy
9402,conspiring
9403,conspirator
9404,consorts
9405,consort
9406,consonances
9407,considerably
9408,consequent
9409,consented
9410,consensus
9411,conquests
9412,conquest
9413,connects
9414,connections
9415,confounds
9416,confounding
9417,confounded
9418,confound
9419,conformed
9420,confiscate
9421,confirms
9422,confines
9423,conferring
9424,conduce
9425,conditioned
9426,condemning
9427,concur
9428,concord
9429,concluding
9430,concludes
9431,conciliation
9432,concession
9433,concentration
9434,concentrated
9435,concede
9436,comrades
9437,compliments
9438,complexion
9439,completing
9440,completeness
9441,compilations
9442,competing
9443,compensate
9444,compatriots
9445,comparisons
9446,companionship
9447,companies
9448,communists
9449,communicates
9450,commotion
9451,commercial
9452,commended
9453,commend
9454,commences
9455,comforts
9456,comfortable
9457,comfort
9458,combating
9459,colt
9460,colourless
9461,colleges
9462,collectively
9463,collection
9464,collecting
9465,coined
9466,cognisant
9467,coarseness
9468,clumsy
9469,clumsiness
9470,clue
9471,clubs
9472,closed
9473,clings
9474,clinging
9475,clement
9476,clearing
9477,clearest
9478,cleanliness
9479,clay
9480,classics
9481,clamour
9482,civilisation
9483,cited
9484,circle’
9485,circlets
9486,cic
9487,chronological
9488,christ’s
9489,chirping
9490,chines
9491,china
9492,children’s
9493,cheiron’s
9494,cheerfully
9495,cheer
9496,checks
9497,check
9498,cheaper
9499,chastising
9500,chastises
9501,chastisement
9502,chastised
9503,chastened
9504,chaste
9505,chasms
9506,characterizes
9507,characterize
9508,chaplets
9509,channels
9510,chances
9511,chalcedonian
9512,cercyon
9513,central
9514,cent
9515,censor
9516,celibacy
9517,celestial
9518,celebrating
9519,celebrate
9520,ceans
9521,caves
9522,cavern
9523,cautery
9524,casual
9525,castus
9526,casks
9527,carpentering
9528,caring
9529,carding
9530,caps
9531,capitally
9532,canal
9533,calumny
9534,calmly
9535,calmer
9536,calendar
9537,caitiff
9538,caeneus
9539,cadence
9540,buzzing
9541,buzz
9542,buys
9543,butchers
9544,burke
9545,burglar
9546,bunyan
9547,bulls
9548,builds
9549,buffoon
9550,brutish
9551,brutality
9552,bruised
9553,brotherhood
9554,brook
9555,broils
9556,brilliant
9557,bridge
9558,brides
9559,bridal
9560,briareus
9561,breathing
9562,breathe
9563,breaker
9564,brazen
9565,branded
9566,boxer
9567,box
9568,bowl
9569,bowed
9570,boundless
9571,boule
9572,bottom
9573,bosom’s
9574,boiled
9575,boasting
9576,boastful
9577,blush
9578,blindly
9579,blinded
9580,blended
9581,blazing
9582,blasphemes
9583,blank
9584,blacksmith’s
9585,blacksmiths
9586,bite
9587,bile
9588,bewildered
9589,bestow
9590,beseeching
9591,beneficence
9592,bending
9593,bema
9594,belonged
9595,bellowing
9596,being—that
9597,behaved
9598,beguiling
9599,beguile
9600,beginners
9601,begged
9602,beggary
9603,beggar
9604,befitting
9605,befall
9606,beautify
9607,beast’
9608,bearer
9609,bazaar
9610,bats
9611,bathed
9612,bat
9613,bases
9614,barred
9615,bargain
9616,barely
9617,barbers
9618,barbaric
9619,bank
9620,banishes
9621,bands
9622,awhile
9623,awaking
9624,awakens
9625,awaits
9626,avesta
9627,aversion
9628,averse
9629,avenges
9630,avails
9631,autumnal
9632,autous
9633,autolycus
9634,austerity
9635,auspicious
9636,auspices
9637,augustine’s
9638,audit
9639,audacity
9640,attributable
9641,attracts
9642,attire
9643,attachments
9644,athos
9645,athletic
9646,atheism
9647,atalanta
9648,astonished
9649,assumptions
9650,assimilated
9651,assessors
9652,assessed
9653,asses
9654,assenting
9655,assaulting
9656,assassination
9657,assails
9658,aspires
9659,aspasia
9660,asia
9661,ashes
9662,asceticism
9663,ascetic
9664,ascendant
9665,artificers
9666,artemisium
9667,arrayed
9668,armament
9669,aristodemus
9670,aris
9671,area
9672,arcturus
9673,arbitrations
9674,approximation
9675,approving
9676,approvers
9677,appreciation
9678,appendage
9679,apparition
9680,apparatus
9681,apocryphal
9682,aperture
9683,apantas
9684,apace
9685,anxiously
9686,antithesis
9687,anthropon
9688,anthropology
9689,antagonistic
9690,antaeus
9691,anosioi
9692,annum
9693,animated
9694,animate
9695,angles
9696,anchor
9697,analyze
9698,anachronisms
9699,anacharsis
9700,amyntor
9701,amycus
9702,amuse
9703,amounts
9704,ambrosia
9705,ambiguous
9706,ambassadors’
9707,ambassador
9708,amazing
9709,alters
9710,alphabet
9711,alongside
9712,aloft
9713,all—they
9714,allusions
9715,allurements
9716,alloy
9717,alliances
9718,aids
9719,agricultural
9720,agreements
9721,agnus
9722,aggrieved
9723,aggressor
9724,aggregations
9725,afterthought
9726,affliction
9727,aegina
9728,advisers
9729,adversity
9730,adultery
9731,adulteries
9732,adoration
9733,adoption
9734,adonis
9735,admiring
9736,admirer
9737,administering
9738,adjustment
9739,adjusted
9740,adhere
9741,additions
9742,adapts
9743,acquisitions
9744,acquirements
9745,acquirement
9746,acquiesced
9747,acorns
9748,achelous
9749,achaean
9750,accursed
9751,accumulate
9752,accrues
9753,accrue
9754,accompanies
9755,acceptably
9756,accents
9757,accent
9758,absurdities
9759,abate
9760,”’
9761,“will
9762,“wickedness
9763,“whether
9764,“that’s
9765,“that
9766,“peace
9767,“nothing
9768,“neither
9769,“might
9770,“make
9771,“is
9772,“i
9773,“get
9774,“friends
9775,’—‘they
9776,’—who
9777,’—what
9778,’—then
9779,’—that
9780,’—not
9781,’—how
9782,’—but
9783,’—and
9784,‘’tis
9785,‘zeus
9786,‘yea
9787,‘wood
9788,‘without
9789,‘with
9790,‘wise
9791,‘will
9792,‘wild
9793,‘why
9794,‘where
9795,‘well
9796,‘we
9797,‘waxing
9798,‘waning
9799,‘vice
9800,‘veils
9801,‘utopia
9802,‘upon
9803,‘universal
9804,‘under
9805,‘tyrants
9806,‘tyranny’
9807,‘truth’
9808,‘truly
9809,‘too
9810,‘threshold
9811,‘thrasymachus
9812,‘thousands
9813,‘this
9814,‘thirst’
9815,‘thinks
9816,‘these
9817,‘theology
9818,‘terms’
9819,‘temperance’
9820,‘tell
9821,‘take
9822,‘sweet
9823,‘surely
9824,‘suprema
9825,‘suppose’
9826,‘suppose
9827,‘sun
9828,‘summit
9829,‘sucked
9830,‘such
9831,‘succession
9832,‘subtle
9833,‘subject
9834,‘sturdy
9835,‘strong
9836,‘strain
9837,‘still
9838,‘state’
9839,‘standing
9840,‘square’
9841,‘spectator
9842,‘sons
9843,‘son
9844,‘sometimes
9845,‘some
9846,‘social
9847,‘sit
9848,‘sing
9849,‘silver
9850,‘sic
9851,‘shut
9852,‘shepherd’
9853,‘separate
9854,‘self
9855,‘seek
9856,‘second
9857,‘seats
9858,‘schoolmaster
9859,‘say
9860,‘sawn
9861,‘sacrifices
9862,‘ruler’
9863,‘royal
9864,‘rounded’
9865,‘romanized’
9866,‘rolling
9867,‘righteous
9868,‘revengeful
9869,‘retailer’
9870,‘repeated
9871,‘relaxed
9872,‘reflect
9873,‘rational
9874,‘proportion’
9875,‘political’
9876,‘play
9877,‘physician’
9878,‘philosophers
9879,‘pen’
9880,‘passion
9881,‘passed
9882,‘pared
9883,‘parallels
9884,‘paradoxes
9885,‘paint
9886,‘ourhanoz
9887,‘our
9888,‘order
9889,‘oratio
9890,‘only
9891,‘one’
9892,‘oceana’
9893,‘oblong’
9894,‘numbers
9895,‘number
9896,‘no’
9897,‘nothing
9898,‘notes
9899,‘nolo
9900,‘nobler
9901,‘noble
9902,‘never
9903,‘nature
9904,‘mythus
9905,‘mystery’
9906,‘moving
9907,‘move
9908,‘most
9909,‘mortal
9910,‘monster’
9911,‘monarchy
9912,‘minor
9913,‘mighty
9914,‘mightiest
9915,‘might
9916,‘mere
9917,‘men
9918,‘mediaeval
9919,‘may
9920,‘marrying
9921,‘marks
9922,‘mariages
9923,‘made
9924,‘lowest
9925,‘long
9926,‘listen
9927,‘lion
9928,‘lines
9929,‘light
9930,‘lie
9931,‘lest
9932,‘less
9933,‘law’
9934,‘law
9935,‘larding
9936,‘lacking
9937,‘la
9938,‘knowledge
9939,‘know
9940,‘knocking
9941,‘kings
9942,‘kill
9943,‘juvenis
9944,‘justifying
9945,‘justice’
9946,‘judged
9947,‘irrational
9948,‘intervals
9949,‘interrogation’
9950,‘interest’
9951,‘intelligent
9952,‘instituted
9953,‘inspired
9954,‘injustice
9955,‘inheritance
9956,‘infinite
9957,‘inextinguishable
9958,‘increasing
9959,‘idea
9960,‘hunting
9961,‘however
9962,‘horror
9963,‘hope
9964,‘holes
9965,‘his’
9966,‘him
9967,‘higher
9968,‘hers
9969,‘hear
9970,‘having
9971,‘has
9972,‘harmonies
9973,‘hard
9974,‘habit
9975,‘guesses
9976,‘guardian’
9977,‘guardians’
9978,‘greater’
9979,‘greater
9980,‘gracious’
9981,‘good’—this
9982,‘going
9983,‘god
9984,‘go
9985,‘glorious
9986,‘fundamental
9987,‘friend’
9988,‘friends
9989,‘follow
9990,‘fierce
9991,‘fear
9992,‘father
9993,‘falsely
9994,‘fallen
9995,‘fairer
9996,‘expressible
9997,‘excellent
9998,‘even
9999,‘equalling
10000,‘enough
10001,‘enemy
10002,‘end
10003,‘ego’
10004,‘don’t
10005,‘dominus
10006,‘doing
10007,‘divine
10008,‘discord’
10009,‘discord
10010,‘desire’
10011,‘decreasing
10012,‘courage
10013,‘corruptio
10014,‘contemplate
10015,‘consorted’
10016,‘consisting
10017,‘concerning
10018,‘commensurable
10019,‘coming
10020,‘classifying
10021,‘classical’
10022,‘civilized’
10023,‘chronique
10024,‘cherishes
10025,‘charming’
10026,‘charming
10027,‘chalcedonian
10028,‘carry
10029,‘captain
10030,‘came
10031,‘bridle
10032,‘bodily
10033,‘blessed’
10034,‘better
10035,‘being
10036,‘be
10037,‘base’
10038,‘base
10039,‘auxiliaries
10040,‘aufklärung
10041,‘at
10042,‘arhchegoz
10043,‘argenis’
10044,‘antidote’
10045,‘angry
10046,‘anger
10047,‘an
10048,‘although
10049,‘air
10050,‘actually
10051,‘according
10052,‘academic’
10053,‘
10054,—“virtue
10055,—‘when
10056,—‘the
10057,—‘take
10058,—‘no
10059,—‘men
10060,—‘if
10061,—‘he
10062,—‘endure
10063,—your
10064,—with
10065,—who
10066,—weaving
10067,—we
10068,—under
10069,—true
10070,—thrasymachus
10071,—those
10072,—things
10073,—then
10074,—that’s
10075,—still
10076,—sofas
10077,—socrates
10078,—should
10079,—say
10080,—reason
10081,—quantity
10082,—other
10083,—one
10084,—on
10085,—numbers
10086,—now
10087,—nor
10088,—none
10089,—noble
10090,—necessity
10091,—necessary
10092,—nay
10093,—my
10094,—might
10095,—many
10096,—logic
10097,—least
10098,—justice
10099,—imitation
10100,—hunger
10101,—hope
10102,—his
10103,—hereafter
10104,—having
10105,—god
10106,—friend
10107,—fond
10108,—fierce
10109,—dreaming
10110,—doubles
10111,—dating
10112,—both
10113,—behold
10114,—among
10115,—all
10116,—add
10117,—achilles
10118,—about
10119,ἐξοίχεται
10120,ἅπαν
10121,φορτικὰ
10122,τὸ
10123,τὰ
10124,προσφέροντες
10125,βέβαιον
10126,αὐτῷ
10127,αὐτῶν
10128,zographon
10129,zenith
10130,zend
10131,zemioma
10132,zaleucus
10133,you—no
10134,you—god
10135,youngsters
10136,yew
10137,yes—can
10138,years—such
10139,years—from
10140,years—and
10141,years—about
10142,yearns
10143,yearning
10144,yawn
10145,xuggennetor
10146,xenophanes
10147,xenelasia
10148,wycliffe’s
10149,wrongfully
10150,wrist
10151,wrinkles
10152,wrinkled
10153,wriggle
10154,wried
10155,wretchedest
10156,wrestle
10157,wrested
10158,wrench
10159,wreck
10160,wrapped
10161,wouldst
10162,worthily
10163,worships
10164,worshippers
10165,worshipper
10166,worse—in
10167,worse—i
10168,worry
10169,world—this
10170,world—the
10171,world—still
10172,world—plenty
10173,worlds—one
10174,work—yes
10175,work—every
10176,workwoman
10177,workmen’s
10178,word—i
10179,wordsworth
10180,woollen
10181,wooden
10182,wondering
10183,womb
10184,woman’s
10185,woman—from
10186,womanishness
10187,womanish
10188,woes
10189,wizards
10190,wittily
10191,witted
10192,wits’
10193,witling
10194,withy
10195,withstood
10196,withstanding
10197,within—in
10198,withhold
10199,withering
10200,withdrawing
10201,withdrawal
10202,witchery
10203,wisp
10204,wishes—that
10205,wise—the
10206,wise—that
10207,wisdom—in
10208,wipes
10209,wings’
10210,wings—that
10211,wines
10212,winecup
10213,windows
10214,winding
10215,wily
10216,wilt
10217,will—he
10218,wilds
10219,wildness
10220,wildest
10221,wifeless
10222,widower
10223,widow
10224,widest
10225,widen
10226,wicked—and
10227,wickednesses
10228,wickeder
10229,whithersoever
10230,white—can
10231,whistling
10232,whispering
10233,whispered
10234,whips
10235,whining
10236,whilst
10237,wheels
10238,western
10239,wenching
10240,well’
10241,well—such
10242,wellnigh
10243,wellbeing
10244,welcoming
10245,weeps
10246,weepings
10247,weels
10248,weeks
10249,weeds
10250,wedding
10251,weber
10252,weaves
10253,weaver—shall
10254,weavers
10255,weather
10256,wearisomeness
10257,wearisome
10258,wearies
10259,wearied
10260,wealth—am
10261,weaklier
10262,weakening
10263,way—which
10264,way—he
10265,wayward
10266,waylaying
10267,wayfarer
10268,waxes
10269,waves’
10270,wavers
10271,waver
10272,waved
10273,water—he
10274,watery
10275,watered
10276,watchwords
10277,watchmen
10278,wasting
10279,wasps
10280,washes
10281,war—a
10282,wars—this
10283,warring
10284,warrant
10285,warped
10286,warnings
10287,warning
10288,warn
10289,warding
10290,warded
10291,warbling
10292,wanders
10293,wandered
10294,wall’
10295,wall—one
10296,wallow
10297,walked
10298,wakefulness
10299,waked
10300,waive
10301,waist
10302,wailings
10303,wailing
10304,waged
10305,wafting
10306,vulgarity—the
10307,voyaging
10308,voyages
10309,vowing
10310,vow
10311,vouchsafe
10312,votings
10313,vomit
10314,voluptuous
10315,volunteers
10316,voluntariness
10317,volcanoes
10318,vol
10319,vociferous
10320,vivendi
10321,vitiate
10322,visitations
10323,visitation
10324,visionary
10325,virtuously
10326,virtue’
10327,virtue—such
10328,virtues—wisdom
10329,virtues—at
10330,violations
10331,violating
10332,violates
10333,violate
10334,vino
10335,vindictive
10336,villainies
10337,vigorously
10338,vigilant
10339,vigilance
10340,views—when
10341,victors—is
10342,vicissitudes
10343,viciousness
10344,vicar
10345,vibrations
10346,vibrates
10347,vexations
10348,veterum
10349,veteris
10350,vesting
10351,vestige
10352,vested
10353,vespucci
10354,versions
10355,versed
10356,versatile
10357,versa
10358,vernacular
10359,veritas
10360,veritable
10361,verdure
10362,verbs
10363,verb
10364,venerate
10365,venerable
10366,veils
10367,vehicles
10368,vegetables
10369,vaunting
10370,vaulted
10371,vastness
10372,vastly
10373,vassal
10374,variableness
10375,vanquishing
10376,vanquish
10377,vanities
10378,vanish
10379,values
10380,valuations
10381,valuation
10382,valleys
10383,valiantly
10384,vaguest
10385,vagueness
10386,utopias
10387,utilitarianism
10388,utensils
10389,us—we
10390,us—the
10391,us—any
10392,usury
10393,usurer
10394,users
10395,usefully
10396,usages
10397,urging
10398,urgent
10399,urge
10400,urbanity
10401,urania
10402,up—they
10403,upwards—of
10404,upsetting
10405,upselai
10406,upse
10407,uproarious
10408,upotimesas
10409,uplifted
10410,uphill
10411,uperetai
10412,uperesia
10413,unworthiness
10414,unwinged
10415,unwillingly
10416,unwholesome
10417,unwell
10418,unverified
10419,untruthful
10420,untruth
10421,untouched
10422,untold
10423,untended
10424,untenable
10425,untaught
10426,untameable
10427,untainted
10428,unsupported
10429,unsung
10430,unsuccessful
10431,unsteady
10432,unstained
10433,unstable
10434,unspoken
10435,unspoiled
10436,unspeakable
10437,unsocial
10438,unsociable
10439,unsightly
10440,unshod
10441,unseen—they
10442,unseasonably
10443,unseasonable
10444,unscrupulous
10445,unscientific
10446,unsaid
10447,unruliness
10448,unripe
10449,unrhythmical
10450,unresisting
10451,unreservedly
10452,unreproved
10453,unrefuted
10454,unreformed
10455,unreasoning
10456,unreason
10457,unreadable
10458,unquiet
10459,unproven
10460,unprincipled
10461,unpopularity
10462,unpleasing
10463,unpleasantness
10464,unphilosophical
10465,unnerved
10466,unnecessary—these
10467,unnaturally
10468,unmistakeably
10469,unmistakeable
10470,unmistakable
10471,unmindfulness
10472,unmindful
10473,unmerciful
10474,unmentioned
10475,unmentionable
10476,unmanned
10477,unloose
10478,unlikely
10479,unlearn
10480,unlamented
10481,unjust—they
10482,unjust—once
10483,unjust—does
10484,units
10485,unites
10486,unison
10487,uninviting
10488,uninvited
10489,uninterruptedly
10490,unintentional
10491,uninspired
10492,uninitiated
10493,uninhabited
10494,uninfluenced
10495,unimpeached
10496,unimpaired
10497,uniformities
10498,unhesitatingly
10499,unheard
10500,unhappy—they
10501,unhappily
10502,ungrateful
10503,ungrammatical
10504,ungraceful
10505,ungifted
10506,unfruitful
10507,unforgiven
10508,unforeseen
10509,unfolds
10510,unfold
10511,unfitly
10512,unfavourably
10513,unfavourable
10514,unfamiliar
10515,unfair
10516,unexplored
10517,unexpiated
10518,unexampled
10519,unexamined
10520,unenlightenment
10521,unenlightened
10522,unearthly
10523,undutiful
10524,undue
10525,undress
10526,undoubted
10527,undivided
10528,undisturbed
10529,undiscriminating
10530,undiminished
10531,undesirableness
10532,undeserving
10533,undeservedly
10534,undervalues
10535,undervalued
10536,undertook
10537,undertone
10538,undertaken
10539,understanding—there
10540,understandings
10541,underneath
10542,underfoot
10543,undefined
10544,undefended
10545,undecided
10546,undeceiving
10547,undeceived
10548,uncovered
10549,uncouth
10550,unconvinced
10551,unconquerable
10552,unconcernedly
10553,uncomplimentary
10554,uncomely
10555,uncivilized
10556,uncivilised
10557,uncertified
10558,unceasingly
10559,unbroken
10560,unbounded
10561,unbosomed
10562,unblushing
10563,unblest
10564,unbeliever
10565,unaware
10566,unavenged
10567,unavailing
10568,unattractive
10569,unattainable
10570,unanswered
10571,unanswerable
10572,unanimity
10573,unambitious
10574,unalterably
10575,unalterable
10576,unadopted
10577,unabated
10578,un
10579,umpire
10580,ultimately
10581,ulcerous
10582,tyrrhenia
10583,tyrant—how
10584,tyrannizing
10585,tyrannizes
10586,tyrannized
10587,tyrannize
10588,typical
10589,twists
10590,twisting
10591,twilight
10592,twelves
10593,twelvefold
10594,tus
10595,turner
10596,turned—the
10597,tupoi
10598,tunes
10599,tuner
10600,tune
10601,tumult
10602,tumbled
10603,tugchanousin
10604,tufa
10605,tucked
10606,tu
10607,truth—words
10608,truth—not
10609,truth—in
10610,truth—but
10611,truthfulness
10612,truthfully
10613,trusty
10614,trustee
10615,trumpets
10616,trumpet
10617,troubling
10618,triumphing
10619,triremes
10620,tripartite
10621,trinity
10622,trimeter
10623,trickery
10624,tributes
10625,tribe—but
10626,trespass
10627,trenching
10628,trembling
10629,trembles
10630,trebled
10631,treaties
10632,treasonable
10633,treachery
10634,treacheries
10635,traverses
10636,travelling
10637,trappings
10638,transposing
10639,transporting
10640,transported
10641,transplanted
10642,transmutation
10643,translated—‘squared
10644,translate
10645,transience
10646,transgressor
10647,transgression
10648,transforming
10649,transcending
10650,tranquil
10651,trance
10652,trample
10653,traits
10654,training—in
10655,trade—they
10656,township
10657,towns
10658,towering
10659,toward
10660,touto
10661,tournure
10662,tournaments
10663,touchingly
10664,tou
10665,totally
10666,totality
10667,toss
10668,tortured
10669,torrent
10670,torpid
10671,torments
10672,torment
10673,torches
10674,toppling
10675,too—there
10676,tools—and
10677,tongues
10678,tones
10679,toned
10680,tolls
10681,tolerating
10682,toioutoi
10683,toilsome
10684,today
10685,titles—like
10686,tithesi
10687,tithemena
10688,titans
10689,tissue
10690,tisi
10691,tirewomen
10692,tiresias
10693,tinker
10694,tini
10695,time—no
10696,times—are
10697,timarchy
10698,tilling
10699,tiller
10700,tillage
10701,tighter
10702,tightening
10703,tides
10704,ticklings
10705,tickling
10706,tiara
10707,thyself
10708,thurian
10709,thunderstorms
10710,thunderstorm
10711,thumb
10712,thucydid
10713,thucyd
10714,thuc
10715,thrusts
10716,throng
10717,thrones
10718,throbbing
10719,throats
10720,throat
10721,thriving
10722,thrilling
10723,thrifty
10724,thremmata
10725,three—in
10726,threes
10727,thrasymachus’
10728,thrasymachus—whether
10729,thrasymachus—not
10730,thrasuxenia
10731,thrace
10732,thought’
10733,thoughtless
10734,thoughtful
10735,thorny
10736,thorns
10737,this—our
10738,this—higher
10739,thirsts
10740,third’
10741,third—what
10742,third—not
10743,third—more
10744,thin—it
10745,thinness
10746,thinly
10747,thinkest
10748,things—why
10749,things—to
10750,things—they
10751,things—these
10752,things—the
10753,things—that
10754,things—labours
10755,things—hearing
10756,things—furniture
10757,things—for
10758,thickly
10759,thicket
10760,therion
10761,there—they
10762,therewith
10763,thereto
10764,theou
10765,theorists
10766,theoretical
10767,theology—some
10768,theological
10769,theologian
10770,theocracy
10771,thenceforward
10772,them—“look
10773,them—they
10774,them—the
10775,them—that
10776,them—one
10777,them—not
10778,them—either
10779,them—do
10780,them—are
10781,them—and
10782,them—about
10783,them—a
10784,theatricals
10785,theages
10786,thaumasia
10787,that’s
10788,thanksgivings
10789,thankfully
10790,texts
10791,tettigessin
10792,tetan
10793,test—and
10794,testifies
10795,testaments
10796,testamentary
10797,terrorem
10798,territory—the
10799,terrifies
10800,terrified
10801,terpsichore
10802,term’
10803,termination
10804,terminates
10805,terminated
10806,tents
10807,tenths
10808,tent
10809,tens
10810,tenor
10811,tennyson
10812,tenfold—now
10813,tenacity
10814,tempt
10815,tempest
10816,temperaments
10817,temelein
10818,teller
10819,telemachus
10820,telamon
10821,teknon
10822,teems
10823,tedium
10824,technicalities
10825,teachable
10826,tavern
10827,taunting
10828,tau
10829,tattered
10830,tasting
10831,tasted—the
10832,tasted—or
10833,tas
10834,tartarean
10835,tarried
10836,tarnishing
10837,tarentine
10838,tanun
10839,tangled
10840,tangible
10841,taming
10842,tallest
10843,talker
10844,tale’
10845,taker
10846,tainted
10847,taint
10848,tail
10849,tacticians
10850,tacking
10851,tachygraphy
10852,tabula
10853,systematized
10854,synthetical
10855,symptoms
10856,symphony
10857,sympathizes
10858,sympathising
10859,sympathise
10860,sympathies
10861,symbolizing
10862,symbolized
10863,symbolism
10864,symbolical
10865,syllogism
10866,syllables
10867,sybilline
10868,sworn
10869,swore
10870,swollen
10871,swinging
10872,swing
10873,swine
10874,swimmingly
10875,swift’s
10876,swiftly
10877,sweeter
10878,swearer
10879,swarms
10880,swarmed
10881,swallows
10882,swallowed
10883,swaddle
10884,sustaining
10885,sustain
10886,suspiciousness
10887,suspects
10888,surroundings
10889,surrey
10890,surprized
10891,surpassing
10892,surpassed
10893,surmounting
10894,surfeited
10895,supremacy
10896,suppress
10897,suppositions
10898,supposed—if
10899,supports
10900,supplication
10901,supplicating
10902,suppliants
10903,supplementary
10904,supper
10905,supped
10906,superstructure
10907,superstitions
10908,superseding
10909,supernatural
10910,superlatives
10911,superfluity
10912,supercilious
10913,superannuated
10914,superadd
10915,superabundant
10916,sun’
10917,suns’
10918,sunshine
10919,sunprechontas
10920,sunken
10921,sunburnt
10922,sumptuary
10923,summoning
10924,summoner
10925,summit
10926,summing
10927,summer’s
10928,summerlike
10929,summary
10930,sulpicius’
10931,sullenness
10932,suitor
10933,suing
10934,suidas
10935,suffrage
10936,suffocating
10937,suffice
10938,sucklings
10939,suckle
10940,succoured
10941,succour
10942,successors—in
10943,successfully
10944,subverting
10945,subversive
10946,subtraction
10947,subtracted
10948,subtract
10949,subtlety
10950,subtleties
10951,subtlest
10952,subterraneous
10953,subtending
10954,substitution
10955,subsisted
10956,subservient
10957,subsequently
10958,subscribed
10959,subordination
10960,subordinates
10961,submission
10962,sublimity
10963,subjugated
10964,subjugate
10965,subjects—war
10966,subjectiveness
10967,subjectively
10968,subduing
10969,subdividing
10970,sub
10971,styles—which
10972,stupidest
10973,stumblingblock
10974,stuffs
10975,stuff
10976,study—how
10977,studying
10978,studien
10979,stud
10980,stronger’
10981,stronger—to
10982,strokes
10983,strivers
10984,striven
10985,stringent
10986,strikingly
10987,striker
10988,strictest
10989,strewn
10990,stretching
10991,stretches
10992,strength—the
10993,streaming
10994,straw
10995,stratagems
10996,strangury
10997,straitened
10998,straining
10999,strained
11000,straightest
11001,stoutly
11002,stormy
11003,storms
11004,stoops
11005,stooped
11006,stony
11007,stoic
11008,stocks
11009,stocked
11010,stob
11011,stinging
11012,stingers
11013,stimulating
11014,stimulants
11015,still—they
11016,stigmatized
11017,stigmas
11018,stigma
11019,stiffened
11020,sticks
11021,sticking
11022,stewards
11023,steward
11024,sternly
11025,stem
11026,steering—every
11027,steerer’s
11028,steerer
11029,steaming
11030,steady
11031,steadiness
11032,stays
11033,statuary
11034,state’—many
11035,state—you
11036,state—what
11037,state—philus
11038,state—or
11039,state—let
11040,state—first
11041,state—and
11042,states—tyranny
11043,statesman—do
11044,statesmanship
11045,statesmanlike
11046,stately
11047,stateliness
11048,starving
11049,starved
11050,starvation
11051,startles
11052,standards
11053,stamped
11054,stall
11055,stalks
11056,staleness
11057,stake—no
11058,stags
11059,stable
11060,staatslehre
11061,squeezable
11062,spun
11063,sprinkled
11064,spreads
11065,sportiveness
11066,spontaneously
11067,spontaneity
11068,spoliation
11069,spoke—just
11070,spoiling—i
11071,splitting
11072,splendour
11073,spiritually
11074,spherical
11075,spender
11076,speediest
11077,speechless
11078,speculators
11079,spectacle—sad
11080,speaking—how
11081,speaking—because
11082,speaker—of
11083,sparing
11084,spar
11085,spanish
11086,spangled—the
11087,span
11088,sovereignties
11089,sovereign
11090,sour
11091,sounding
11092,sounder
11093,soul—a
11094,soulless
11095,sort—they
11096,sore
11097,sordid
11098,sorceries
11099,sophrosune
11100,sophronistus
11101,sophist’s
11102,sophistry
11103,sophisters
11104,sophisms
11105,sooty
11106,soothed
11107,soothe
11108,son’s
11109,sons’
11110,sonorous
11111,solvents
11112,solos
11113,solomon’s
11114,solicitous
11115,soles
11116,solemnity
11117,sole
11118,soldiers’
11119,sojourning
11120,sojourners
11121,sojourner
11122,soils
11123,softly
11124,soda
11125,socrates—reduced
11126,socialist
11127,socialism
11128,sociable
11129,sobriety
11130,soberly
11131,soberer
11132,snivel
11133,sneered
11134,snatches
11135,snatch
11136,snake
11137,smothering
11138,smother
11139,smoothness
11140,smoothing
11141,smiting
11142,smiling
11143,small—he
11144,slur
11145,sloth
11146,sloping
11147,slips
11148,slippery
11149,slinks
11150,slinking
11151,slings
11152,sling
11153,slily
11154,slights
11155,slighted
11156,sleeping
11157,slayers
11158,slaving
11159,slave—this
11160,slaughtering
11161,slaughtered
11162,slanderously
11163,slander
11164,skulking
11165,skulk
11166,skips
11167,skipping
11168,sketched
11169,sizes
11170,sixteenth
11171,sites
11172,sis
11173,sires
11174,sirens—lachesis
11175,sirens
11176,sinners—most
11177,sinned
11178,singled
11179,sinful
11180,simplicity—being
11181,simpletons
11182,similitudes
11183,simile
11184,sillybillies
11185,silly
11186,silliness
11187,silenuses
11188,silenus
11189,significance
11190,signally
11191,sight’
11192,sighted
11193,sicyon
11194,sicul
11195,sicklied
11196,sickle
11197,sibylline
11198,sibyl
11199,shuttles
11200,shun
11201,shuffle
11202,shrouded
11203,shrivelled
11204,shrinks
11205,shrinking
11206,shrill
11207,shrewdly
11208,shreds
11209,show—first
11210,showy
11211,shown—is
11212,showered
11213,shouts
11214,shouting
11215,shouted
11216,shoulder
11217,shortness
11218,shortly
11219,shortened
11220,shoots
11221,shoemakers
11222,shoe
11223,shod
11224,shipwrights
11225,shipwreck
11226,shipowners
11227,shipboard
11228,shifts
11229,shes—we
11230,shes
11231,sheltering
11232,shed
11233,shave
11234,sharply
11235,sharpening
11236,sharpen
11237,sharers
11238,shaped
11239,shakings
11240,shaking
11241,shakespere
11242,shag
11243,shaft
11244,shadows—which
11245,shadows—and
11246,shabby
11247,sexual
11248,sexagenarian
11249,seventh—the
11250,settling
11251,sesqui
11252,servility
11253,service—in
11254,servian
11255,sermonizing
11256,serio
11257,serfs
11258,serf
11259,september
11260,sentinels
11261,sentenced
11262,sensibility
11263,sensibilities
11264,senses—you
11265,senselessness
11266,sensational
11267,seniors
11268,senectute
11269,sends
11270,semicircle
11271,selves
11272,seizes
11273,segments
11274,seer
11275,seen—the
11276,seeming—without
11277,seducers
11278,seditious
11279,securum
11280,securely
11281,secundum
11282,sects
11283,secrets
11284,second—community
11285,seclusion
11286,sebein
11287,seaweed
11288,seasoning
11289,searches
11290,searched
11291,seaman’s
11292,seaman
11293,scythian
11294,scylla
11295,scurrilous
11296,sculptures
11297,sculptured
11298,sculptors
11299,scruple
11300,screens
11301,scraps
11302,scourges
11303,scotus
11304,scorn
11305,scooped
11306,scold
11307,scoff
11308,scipio
11309,scions
11310,sciolism
11311,scimitar
11312,sciences—as
11313,scholiasts
11314,scholasticism
11315,scholastic
11316,scholar
11317,schleiermacher
11318,scene—a
11319,scaring
11320,scare
11321,scarce
11322,scanty
11323,scandalous
11324,scandaleuse’
11325,scamander
11326,say—would
11327,say—for
11328,say—akin
11329,say—according
11330,savour
11331,savings
11332,saver
11333,savageness
11334,savagely
11335,satyrs
11336,satisfying
11337,satisfies
11338,satisfaction—that
11339,satirizing
11340,satirized
11341,satirize
11342,saprous
11343,sanguine
11344,sanctuary
11345,sanctioning
11346,sanctifying
11347,same—either
11348,salvation—the
11349,salutes
11350,salute
11351,salutary
11352,salt
11353,salesmen
11354,sakes—like
11355,saith
11356,said—there
11357,said—the
11358,said—she
11359,said—and
11360,sagacity
11361,saddest
11362,saddening
11363,sacred’
11364,ruthlessly
11365,ruthless
11366,rust
11367,russia
11368,rushed
11369,rural
11370,ruler’s
11371,ruining
11372,rudiments
11373,rudeness
11374,rubs
11375,rubbing
11376,rubbed
11377,rout
11378,rouses
11379,roused
11380,rouse
11381,round—you
11382,roundness
11383,roundheads
11384,roundabout
11385,roughly
11386,rotations
11387,rot
11388,rosy
11389,roses
11390,rose
11391,rooms
11392,romantic
11393,rolls
11394,rogue—how
11395,roguery
11396,robes
11397,robberies
11398,roaring
11399,roared
11400,ritual
11401,rite
11402,risks
11403,risible
11404,risen
11405,ripsaspis
11406,riper
11407,ripeness
11408,ringing
11409,rigour
11410,rigidly
11411,rigid
11412,right—parent
11413,rightful
11414,rightest
11415,rife
11416,riders
11417,riddle—‘a
11418,riddles
11419,rich’—the
11420,rich—and
11421,ribbon
11422,ribald
11423,rhet
11424,rhapsody
11425,reward—clothed
11426,rewarding
11427,revolutionized
11428,reviving
11429,reviles
11430,reviler
11431,reviews
11432,reviewing
11433,reviewers
11434,reviewed
11435,reverted
11436,reverse—those
11437,reveres
11438,reverently
11439,reverent
11440,reverencing
11441,revered
11442,revenged
11443,revellings
11444,revellers
11445,revelations
11446,reuniting
11447,reunites
11448,reunited
11449,retracted
11450,retract
11451,retraced
11452,retrace
11453,retire
11454,reticent
11455,reticence
11456,retaliating
11457,retaliates
11458,retaliated
11459,retailed
11460,resurrection
11461,resumptions
11462,result—when
11463,restrictions
11464,restricting
11465,restrict
11466,restraining
11467,restores
11468,restorative
11469,restitutions
11470,restatement
11471,responsive
11472,responses
11473,respectful
11474,respectability
11475,resolvable
11476,resists
11477,resisting
11478,resisted
11479,residues
11480,residue
11481,residents
11482,resident
11483,resettling
11484,reservoir
11485,resentment
11486,resent
11487,research
11488,requisite
11489,requesting
11490,reputations
11491,repugnance
11492,repudiating
11493,republic”
11494,republic’
11495,republica’
11496,republicanism
11497,republica
11498,reproving
11499,reproved
11500,reprove
11501,reproof
11502,reproductions
11503,reprobation
11504,reprobates
11505,reproaching
11506,reproachful
11507,represses
11508,repositories
11509,replenished
11510,replace
11511,repertory
11512,repented
11513,repentance
11514,repelled
11515,repeatedly
11516,repast
11517,repair
11518,rent
11519,renown
11520,renovation
11521,renewing
11522,renewed
11523,remuneration
11524,remover
11525,removals
11526,remotely
11527,remorselessly
11528,remonstrate
11529,remonstrance
11530,remitting
11531,remits
11532,remit
11533,remedial
11534,rembrandt
11535,remarkably
11536,remain—the
11537,rely
11538,reluctantly
11539,relish—salt
11540,relinquishment
11541,relighted
11542,relieved
11543,relic
11544,relegate
11545,releases
11546,reinvigorate
11547,reinforced
11548,rein
11549,reillumine
11550,rehearse
11551,rehabilitate
11552,regulators
11553,regulates
11554,regretted
11555,regret
11556,regime
11557,regenerating
11558,regarders
11559,regaled
11560,regale
11561,regaining
11562,refreshments
11563,refreshment
11564,refresh
11565,refractory
11566,reforming
11567,reformers’
11568,reformer
11569,reflex
11570,reflection—there
11571,refining
11572,refine
11573,references
11574,reef
11575,reeds
11576,red—the
11577,redundant
11578,reductio
11579,redoubles
11580,redeemed
11581,redeem
11582,reddish
11583,recurs
11584,recur
11585,rector
11586,rectitude
11587,recovering
11588,recoverable
11589,recounting
11590,records
11591,reconstructed
11592,reconstruct
11593,reconciling
11594,reconciles
11595,reconcilements
11596,recompenses
11597,recompensed
11598,recommence
11599,reclining
11600,reclamation
11601,recklessness
11602,reckless
11603,recites
11604,reciters
11605,recite
11606,recitals
11607,recipient
11608,recesses
11609,receivers
11610,receipts
11611,recalling
11612,rebuilt
11613,rebounds
11614,rebels
11615,rebelliousness
11616,rebellion
11617,rebelling
11618,rebelled
11619,reassure
11620,reassumes
11621,reasserts
11622,reassertion
11623,reason—like
11624,reasoners
11625,reascended
11626,reaps
11627,reappearing
11628,reaped
11629,realms
11630,realm
11631,realizing
11632,reality—you
11633,reality—brother
11634,reactions
11635,reactionary
11636,react
11637,rd
11638,ravishing
11639,ravish
11640,ravenous
11641,rationalizers
11642,ratifying
11643,rase
11644,rascalities
11645,rasa
11646,rapturous
11647,raptures
11648,raps
11649,rapidity
11650,raphael
11651,rape
11652,ran’
11653,ramus
11654,raisins
11655,raises
11656,raiser
11657,rainbow—but
11658,raillery
11659,railing
11660,raid
11661,rages
11662,radiate
11663,radiant
11664,racing
11665,racer
11666,quoting
11667,quota
11668,quoque
11669,quiver
11670,quips
11671,quietus
11672,quickwitted
11673,quickens
11674,quickening
11675,qui
11676,quetelet
11677,question—you
11678,question—what
11679,questions—how
11680,questioned
11681,querist
11682,queries
11683,quelled
11684,quell
11685,que
11686,quartered
11687,quarry
11688,quantity—some
11689,quantities’
11690,quantitative
11691,quality—we
11692,qualifying
11693,qualify
11694,qualifications
11695,quaintly
11696,quails
11697,quaest
11698,quadrupeds
11699,quacks
11700,putters
11701,pushes
11702,pursuits—why
11703,purse
11704,purport
11705,purloining
11706,puritan
11707,purging
11708,purgatory
11709,purgations
11710,pure—all
11711,purest
11712,purchases
11713,purchasers
11714,purchased
11715,punning
11716,punishest
11717,punisher
11718,pump
11719,pulsations
11720,pulleys
11721,pugnaciously
11722,pugilists
11723,puff
11724,pterothoiton
11725,pseudo
11726,psalmists
11727,psalmist
11728,proxeni
11729,prowl
11730,prow
11731,provoked
11732,provoke
11733,provocative
11734,provinces
11735,proudly
11736,protracted
11737,prototype
11738,proteus
11739,protesting
11740,protestant
11741,protects
11742,protagonist
11743,prot
11744,prostrations
11745,prostrated
11746,prostrate
11747,prostitution
11748,prostitute
11749,prospers
11750,prospects
11751,prosopopoeia
11752,prosecutions
11753,prosecution
11754,prosecutes
11755,proscribing
11756,proscribe
11757,prosaic
11758,propylea
11759,propriety—cannot
11760,proprietors
11761,propounded
11762,propound
11763,proportion—
11764,proportions—the
11765,proportionals
11766,proportional
11767,prophetess
11768,prophesying
11769,prophesies
11770,propels
11771,propagate
11772,prooemium
11773,pronounce
11774,promulgates
11775,promulgated
11776,promulgate
11777,promotion
11778,promoting
11779,prominence
11780,prolonged
11781,prolixity
11782,prolific
11783,projecting
11784,projected
11785,prohibitory
11786,progressing
11787,programme
11788,profounder
11789,profession—the
11790,proem
11791,products
11792,procrastinating
11793,proclus
11794,proceedeth
11795,proc
11796,problems—that
11797,probe
11798,privileged
11799,privation
11800,prithee
11801,principle—which
11802,principle—furnish
11803,principles—a
11804,principals
11805,principally
11806,principalities
11807,princely
11808,primum
11809,primis
11810,primarily
11811,prima
11812,prided
11813,prickings
11814,preying
11815,prevision
11816,preventive
11817,pretentiousness
11818,pretences
11819,presuppose
11820,presumed
11821,pressed
11822,presidency
11823,present—nothing
11824,present—in
11825,prescriptions
11826,presage
11827,prepositions
11828,preposition
11829,preponderance
11830,prepares
11831,preparatory
11832,preparations
11833,premium
11834,premiss
11835,premeditated
11836,premeditate
11837,prematurely
11838,prehistoric
11839,prefixing
11840,predominantly
11841,predominant
11842,predominance
11843,predisposition
11844,predispose
11845,predict
11846,predication
11847,predicated
11848,predicaments
11849,predicament
11850,predestinarianism
11851,precipitated
11852,precipices
11853,precedents
11854,precautionary
11855,praxiteles
11856,praxeis
11857,prattlers
11858,praiser
11859,practitioners
11860,practically
11861,potions
11862,potently
11863,potentates
11864,potentate
11865,postures
11866,posture
11867,posterior
11868,possible—as
11869,positiveness
11870,pos
11871,portuguese
11872,portioned
11873,portentous
11874,populi
11875,populations
11876,poorly
11877,pools
11878,pool
11879,pontus
11880,polyphonous
11881,polygamy
11882,polygamist
11883,polon
11884,pollutions
11885,politics—this
11886,politicians—they
11887,politeness
11888,politeiais
11889,polite
11890,polished
11891,polis
11892,polin
11893,policeman
11894,polemical
11895,polemarchus’
11896,polemarchus—then
11897,polemarchus—he
11898,pole
11899,poisonings
11900,poisoner
11901,poise
11902,point—thirst
11903,pointedly
11904,poiesis
11905,poets’
11906,poetry—some
11907,poetic
11908,poesy
11909,plunges
11910,plumes
11911,plumage
11912,plucking
11913,plousiou
11914,plotted
11915,pliancy
11916,pliable
11917,pleonastic
11918,pleonasm
11919,plentifully
11920,plenteous
11921,plenipotentiaries
11922,pleasure—then
11923,pleasure—mightier
11924,pleasure—i
11925,pleasantry
11926,pleas
11927,pleaders
11928,plea
11929,playmates
11930,platonische
11931,platonis
11932,platonem
11933,platform
11934,plataeans
11935,plat
11936,plaster
11937,plain’
11938,plaguing
11939,place—was
11940,pittacus
11941,pities
11942,pitching
11943,pitcher
11944,pirates
11945,piracy
11946,pipes
11947,pinnacle
11948,pinched
11949,pilot—that
11950,pilot—is
11951,piloting
11952,pillow
11953,piling
11954,pilgrimages
11955,pile
11956,pierce
11957,piecing
11958,piecemeal
11959,pickpocket
11960,physiology
11961,physiologist
11962,physician’s
11963,phusin
11964,phuseis
11965,phugai
11966,phugades
11967,phthonoi
11968,phrenzy
11969,phreatto
11970,phreatteum
11971,phoebus
11972,phocylides—that
11973,phoboi
11974,philosophus
11975,philosopher—how
11976,philosopher—he
11977,philosophers’
11978,philosophers—the
11979,philosophers—not
11980,philology
11981,philol
11982,philippus
11983,philippum
11984,philias
11985,philanthrope
11986,phil
11987,pheugo
11988,pharmacia
11989,phantom
11990,phalaris
11991,petrarch
11992,pessima
11993,perverting
11994,perverse
11995,perturbing
11996,perturbations
11997,pertinent
11998,perspiring
11999,person—the
12000,personifying
12001,personify
12002,personification
12003,personated
12004,personate
12005,personages
12006,personage
12007,persistency
12008,persisted
12009,persevered
12010,persevere
12011,perseverance
12012,persecutor
12013,persecuted
12014,perplexing
12015,perpetuating
12016,perpetrating
12017,perpetrate
12018,perpendicular
12019,perpend
12020,permutations
12021,permeates
12022,permeated
12023,permanently
12024,perjury’—to
12025,perished’
12026,periphrastic
12027,periphrasis
12028,periphrases
12029,perioeci
12030,perilous
12031,perilling
12032,perilled
12033,performs
12034,performers
12035,performer
12036,perfidious
12037,perfects
12038,perfectibility
12039,peremptory
12040,peremptorily
12041,peregrinations
12042,perdition
12043,percipient
12044,perchance
12045,people’—resounds
12046,peopled
12047,penurious
12048,pent
12049,penetration
12050,penetrates
12051,pending
12052,pence
12053,penance
12054,peloponnese
12055,pelopidae
12056,peisthetaerus
12057,peisistratus
12058,peep
12059,pedestal
12060,pedants
12061,pedantry
12062,pedantries
12063,pedantic
12064,pedant
12065,pebbly
12066,peas
12067,peak
12068,peacocks’
12069,peace’
12070,peacemakers
12071,peacefulness
12072,pay’
12073,payments
12074,paymasters
12075,pauperism
12076,patronises
12077,patronesses
12078,patriotism—‘we
12079,patriotism—he
12080,patriotic
12081,patrimony
12082,patriarchs
12083,patriarchical
12084,patriarch
12085,patiently
12086,pathos
12087,patching
12088,patch
12089,pastures
12090,pasturage
12091,passive
12092,passer
12093,passengers
12094,passable
12095,parts—the
12096,partition
12097,partisan
12098,parting
12099,participle
12100,participating
12101,participates
12102,parthenon
12103,partaking
12104,partakers
12105,parody
12106,parodies
12107,parochial
12108,parocheteuein
12109,parmen
12110,paris
12111,paribus
12112,parian
12113,parentis
12114,parenthesis
12115,parentage
12116,pardoned
12117,paratithemena
12118,parapodizesthai
12119,paramuthion
12120,paramutheisthai
12121,paralytic
12122,parallelisms
12123,paragraph
12124,paraggelsis
12125,paradisiacal
12126,parades
12127,papacy
12128,pan’s
12129,pantos
12130,panting
12131,pante
12132,panta
12133,panopeus
12134,pang
12135,panegyrics
12136,paneguresin
12137,pandering
12138,pancration
12139,pancratiasts
12140,pancratiast
12141,pancakes
12142,pamphylia
12143,pampered
12144,palm—the
12145,palms
12146,pallakon
12147,paleness
12148,palace
12149,pairing
12150,painter’s
12151,pains—where
12152,pains—how
12153,painless—how
12154,painless
12155,painfulness
12156,paidourgia
12157,paidikos
12158,paides
12159,paidelos
12160,paida
12161,pages
12162,paganism
12163,pagan
12164,paeonic
12165,paeanian
12166,pads
12167,pacing
12168,pacifying
12169,pacify
12170,pace
12171,o’
12172,own’
12173,own—and
12174,over—supposing
12175,overwhelm
12176,overweening
12177,overturns
12178,overturned
12179,overtures
12180,overthrows
12181,overthrower
12182,overtaking
12183,overtakes
12184,overspread
12185,overseer
12186,overpowers
12187,overpowering
12188,overpast
12189,overmuch
12190,overleap
12191,overlap
12192,overhears
12193,overhangs
12194,overflows
12195,overflowing
12196,overdone
12197,overboldness
12198,overboard
12199,ouverte
12200,outweigh
12201,outwardly
12202,outset
12203,outright
12204,outrages
12205,outraged
12206,outlived
12207,outlawry
12208,outlawed
12209,outlandish
12210,outburst
12211,outbreaks
12212,oudena
12213,oudamos
12214,oudame
12215,other’s
12216,other—necessity
12217,others—whenever
12218,others—is
12219,ostis
12220,ostentatiously
12221,osir
12222,oscillates
12223,osa
12224,orthodox
12225,ornamented
12226,originals
12227,orifices
12228,orhatoz’
12229,orges
12230,organon
12231,organize
12232,organizations
12233,organised
12234,organisation
12235,organic
12236,organ
12237,oreithyia
12238,ore
12239,order—temperate
12240,orderer
12241,ordeal
12242,orbit
12243,orb
12244,oratorical
12245,oratio
12246,orally
12247,oral
12248,ora
12249,opus
12250,optimist
12251,optimi
12252,opted
12253,optation
12254,oppressive
12255,oppression
12256,opportunely
12257,opos
12258,oplon
12259,opinion—i
12260,opinion—and
12261,opines
12262,opine
12263,ophthalmia
12264,ope
12265,on—yes
12266,onwards
12267,ontes
12268,onta
12269,only’
12270,only—this
12271,only—the
12272,only—that
12273,only—a
12274,one—to
12275,one—medicine
12276,one—i
12277,oncken
12278,omou
12279,omologiai
12280,omoios
12281,omilema
12282,omega
12283,ologies
12284,oligarchy—i
12285,olen
12286,oisi
12287,oion
12288,ointments
12289,oinos
12290,oikian
12291,oikade
12292,oiesis
12293,oft
12294,off’
12295,odyss
12296,odium
12297,odds
12298,oculos
12299,ocracy
12300,occur—or
12301,occupier
12302,observers
12303,observer
12304,observations
12305,observant
12306,observances
12307,obscurities
12308,obscuring
12309,obscurely
12310,obliterated
12311,obliterate
12312,obliquely
12313,obliqua
12314,oblige
12315,object—the
12316,object—drink
12317,objects—is
12318,objector
12319,objectively
12320,oarsman
12321,oak
12322,nutriment
12323,nursling
12324,nuptials
12325,nuni
12326,numerically
12327,novitiate
12328,nourish
12329,nouns
12330,noun
12331,not—the
12332,notre
12333,notoriously
12334,noting
12335,nothings
12336,notable
12337,nostrum
12338,noses
12339,nosed
12340,nondescripts
12341,nomothetes
12342,nomon
12343,nomois
12344,nomination
12345,nominate
12346,nominal
12347,nomenclature
12348,noises
12349,nobles
12350,noblemen
12351,nobleman
12352,niobe—the
12353,niobe
12354,ninus
12355,niebuhr
12356,nickname
12357,nicias
12358,niceties
12359,niceratus
12360,news’
12361,newspapers
12362,newfangled
12363,newest
12364,neutralized
12365,neuter
12366,nerving
12367,nerves
12368,nerve
12369,nepoivei
12370,nephontos
12371,nephew
12372,neodamodes
12373,nemean
12374,nemea
12375,neilou
12376,neighborhood
12377,negligently
12378,negatives
12379,negativeness
12380,negatively
12381,needy
12382,needle
12383,needest
12384,necromancy
12385,necklaces
12386,necessitating
12387,neatherd
12388,nd
12389,navy
12390,navigators
12391,naught
12392,naucratis
12393,natures—the
12394,naturalis’
12395,narrows
12396,narrownesses
12397,narrowness
12398,narrowed
12399,narrators
12400,narrating
12401,narcotic
12402,napping
12403,napoleon
12404,namque
12405,naming
12406,names—two
12407,names—monarchy
12408,namesake
12409,nakedness
12410,myths—telling
12411,mythologers
12412,mythic
12413,mystify
12414,myst
12415,myrrhinusius
12416,myrrhina
12417,myrrh
12418,myriad
12419,mutually
12420,mutineers
12421,mutilations
12422,mutability
12423,muster
12424,music—poets
12425,musica
12426,museum
12427,muses’
12428,muses—that
12429,muscles
12430,murioi
12431,murderous
12432,multitudes
12433,multifarious
12434,mulcted
12435,much’
12436,mouses
12437,mourner
12438,moulding
12439,mother’s
12440,motherhood
12441,mosques
12442,moses
12443,morychus
12444,mortality
12445,more—is
12446,morals—some
12447,moralizing
12448,moralize
12449,moralists
12450,montesquieu
12451,monous
12452,monon
12453,monogamists
12454,monitor
12455,money—into
12456,money—in
12457,moneys
12458,moneylending
12459,monasticism
12460,monasteries
12461,monarchies
12462,monarchical
12463,monarchia
12464,monarch
12465,moment—to
12466,mollify
12467,mollified
12468,moistens
12469,moistened
12470,moist
12471,modus
12472,modify
12473,modestly
12474,moderns
12475,moderated
12476,mocks
12477,mockery
12478,mobile
12479,mixtures
12480,mixing
12481,mitigation
12482,mistrusted
12483,mistrust
12484,mistaking
12485,mistake—then
12486,mist
12487,missionary
12488,missa
12489,misrule
12490,misrepresentations
12491,misrepresent
12492,misplaced
12493,misogamist
12494,mismanagement
12495,mismanaged
12496,mislead
12497,misinterpreted
12498,misinterpretation
12499,misgivings
12500,misgiving
12501,misery—the
12502,misers
12503,miseries
12504,miserable—that
12505,mise
12506,misconstruction
12507,misconceiving
12508,mischievously
12509,misbehaving
12510,misbehaves
12511,misapprehension
12512,misapprehended
12513,misapplied
12514,misanthropical
12515,misanthrope
12516,miraculous
12517,mirabeau
12518,minutest
12519,minutes
12520,minuteness
12521,minimizes
12522,minimize
12523,mine’
12524,mines
12525,mind’
12526,minds’
12527,mindful
12528,minced
12529,mimetic
12530,mill’s
12531,millennium
12532,millennial
12533,milky
12534,miletus
12535,mile
12536,mildew
12537,mild
12538,migration
12539,migrated
12540,mightily
12541,michael
12542,meton
12543,metoikion
12544,methinks
12545,metempsychosis
12546,metaphysicus
12547,metamorphose
12548,messiah
12549,messenian
12550,messenia
12551,messengers
12552,messages
12553,merriment
12554,meridian
12555,mephistopheles
12556,men’—first
12557,men—you
12558,men—sentiments
12559,men—lovers
12560,men—and
12561,mention—he
12562,mending
12563,mendicity
12564,mend
12565,memorial
12566,mellowing
12567,mellowed
12568,mellifluous
12569,melians
12570,meineke
12571,megarian
12572,megalonoia
12573,meditation
12574,meditated
12575,medes
12576,meddlesomeness
12577,meddle
12578,mechanism
12579,mechanic
12580,mechanai
12581,measuring’
12582,measurements
12583,mean—whom
12584,mean—of
12585,meanwhile
12586,means—the
12587,mazes
12588,maze
12589,mattock
12590,matrimony
12591,mating
12592,maternity
12593,mat
12594,mastery’
12595,mastering
12596,mass—thus
12597,masses—some
12598,masses
12599,martyr
12600,marshalled
12601,marring
12602,marriageable
12603,marred
12604,marcus
12605,marches
12606,marburg
12607,map
12608,man—whoever
12609,man—this
12610,man—then
12611,manus
12612,manumitted
12613,manufactures
12614,manufacturer
12615,manual
12616,manu
12617,mansoul
12618,mansion
12619,manoeuvre
12620,mannered
12621,manlier
12622,mankind—if
12623,mankind—about
12624,manipulated
12625,manifold—he
12626,managing
12627,maltreated
12628,malleable
12629,malignity
12630,malefactors
12631,maladministration
12632,mal
12633,making—these
12634,majesty
12635,mainomenen
12636,mainomena
12637,maiming
12638,mahometan
12639,magnum
12640,magnifying
12641,magnify
12642,magnifies
12643,magnified
12644,magnificently
12645,magnificence—these
12646,magnesians
12647,magnanimity
12648,magna
12649,magical
12650,magian
12651,magazines
12652,madwoman
12653,madonna
12654,madnesses
12655,madly
12656,maddest
12657,madder
12658,maddening
12659,machine
12660,macedon
12661,ma
12662,lysimachus
12663,lysanias
12664,lyres
12665,lydia
12666,lycaeus
12667,lycaean
12668,luxuries
12669,lute
12670,lusts—a
12671,lusting
12672,lustily
12673,lunatic
12674,lumbering
12675,lulled
12676,luke
12677,lucretius
12678,lucre
12679,luck
12680,lucidity
12681,lucid
12682,lucian
12683,lowlier
12684,lower—thoughts
12685,lowering
12686,lovingly
12687,lover’s
12688,loveliness
12689,loudly
12690,lot—even
12691,lotus
12692,lottery
12693,lotophagi
12694,loth
12695,losses
12696,lords—passing
12697,lordship
12698,lordly
12699,loosening
12700,lookers
12701,looker
12702,longus
12703,longs
12704,longinus
12705,longings
12706,longevity
12707,longed
12708,loneliness
12709,loiter
12710,lois
12711,loidoresis
12712,logon
12713,logois
12714,logician—that
12715,logicians
12716,logician
12717,logicals
12718,loftiness
12719,loftier
12720,lodger
12721,lodged
12722,locus
12723,loco
12724,locke
12725,loaves
12726,loans
12727,load
12728,livy
12729,live—in
12730,litigiousness
12731,litigate
12732,litigant
12733,literalism
12734,listener
12735,liquid
12736,linked
12737,linen
12738,lineaments
12739,lineage
12740,limp
12741,like—who
12742,like—all
12743,likens
12744,liken
12745,likelihood
12746,light—this
12747,light—the
12748,lightness
12749,lightheartedness
12750,lightens
12751,ligatures
12752,lifts
12753,life—rules
12754,life—of
12755,life—beauty
12756,life—an
12757,lifelong
12758,lifelike
12759,lie—following
12760,lie—but
12761,lieu
12762,licymnius
12763,licinian
12764,licenser
12765,license
12766,libros
12767,liberty—all
12768,libertinism
12769,liberating
12770,liberates
12771,liberality
12772,libel
12773,liar
12774,liability
12775,lex’
12776,lexis
12777,lewis
12778,levy
12779,lesser—this
12780,lessen
12781,lengths
12782,lengthening
12783,leipzig
12784,legislature
12785,legged
12786,legg
12787,lectures
12788,leaver
12789,lear
12790,leanness
12791,leaky
12792,laziness
12793,layman
12794,lax
12795,laws—that
12796,lawlessly
12797,lavation
12798,laughter—‘such
12799,latter—i
12800,lathe
12801,last—and
12802,lastingly
12803,lasted
12804,lash
12805,larger—if
12806,largeness
12807,laputa
12808,lapse
12809,lapping
12810,lapped
12811,lap
12812,lank
12813,languish
12814,landscape
12815,landowners
12816,landowner
12817,landed
12818,lamp
12819,lameness
12820,lamed
12821,lakes
12822,lake
12823,laissez
12824,laimargiai
12825,laert
12826,laelius
12827,lacunae
12828,laconian
12829,laconia
12830,lacerating
12831,kuparitton
12832,kuparittoi
12833,kuamou
12834,kreitton
12835,koros
12836,komodema
12837,kolazomenos
12838,knower
12839,knocks
12840,knit
12841,knight
12842,kneel
12843,kneading
12844,knavish
12845,kinship
12846,kinsfolk
12847,king’s
12848,kingship
12849,kindlier
12850,kindles
12851,killing
12852,kheyam
12853,key
12854,keep—the
12855,keenly
12856,keels
12857,kedeumata
12858,kateche
12859,kalle
12860,kalai
12861,kairoi
12862,juxtapositions
12863,juxtaposition
12864,just—if
12865,justice—beginning
12866,justice—about
12867,juster
12868,jurists
12869,juries
12870,junior
12871,jumps
12872,jumbled
12873,julian
12874,juices
12875,jugglery
12876,juggler
12877,judicium
12878,judicious
12879,judiciary
12880,judgment—those
12881,joyous
12882,journeying
12883,journeyed
12884,jollity
12885,jokes
12886,jointly
12887,joining
12888,johnson
12889,jesus
12890,jest’
12891,jestingly
12892,jester
12893,jealously
12894,jaunty
12895,japan
12896,janus
12897,it—this
12898,it—for
12899,ithaca
12900,is—yea
12901,is—then
12902,is—i
12903,istoria
12904,isthmus
12905,isthmian
12906,ister
12907,issuing
12908,israelite
12909,isoteleis
12910,islanders
12911,isaiah
12912,irritates
12913,irritable
12914,irritability
12915,irrigation
12916,irrevocably
12917,irreverent
12918,irreverence
12919,irregularly
12920,irreconcileable
12921,irrationals
12922,ireland
12923,io
12924,in—community
12925,inwards
12926,inwardly
12927,invulnerable
12928,involuntariness
12929,invoking
12930,invokes
12931,inviolable
12932,invigorating
12933,inveterate
12934,invests
12935,investigators
12936,investigating
12937,inverted
12938,inversion
12939,invents
12940,inventive
12941,invaluable
12942,invalidism
12943,invades
12944,invaders
12945,invader
12946,inutility
12947,inured
12948,intuitively
12949,intuition
12950,intrusted
12951,intruding
12952,intruder
12953,introductions
12954,intrigues
12955,intrigue
12956,intricacies
12957,intrepid
12958,intoxicating
12959,intoxicated
12960,intoxicate
12961,intimidation
12962,intimating
12963,intimacy
12964,intestine
12965,interwoven
12966,intervals—when
12967,interstices
12968,interspersed
12969,interrupts
12970,interruptions
12971,interruption
12972,interrupting
12973,interrupt
12974,interrogatories
12975,interrogation
12976,interprets
12977,interpreting
12978,interposes
12979,interpolation
12980,interpolated
12981,international
12982,intermixed
12983,interments
12984,intermediates
12985,interests—where
12986,interests—an
12987,interchange
12988,intercepted
12989,intercept
12990,intensity
12991,intemperately
12992,intellectually
12993,integrate
12994,intact
12995,insurrections
12996,insurrection
12997,insultingly
12998,insufficiently
12999,instructing
13000,institutorum
13001,institutis
13002,instil
13003,instigation
13004,instants
13005,instantaneous
13006,instances’
13007,instances—but
13008,inspirations
13009,inspecting
13010,insomuch
13011,insolvent
13012,insoluble
13013,insolently
13014,insolences
13015,insipidity
13016,insinuations
13017,insinuates
13018,insignificant
13019,insidiously
13020,inside
13021,insertion
13022,inserted
13023,inseparably
13024,insecure
13025,inscriptions
13026,inscribing
13027,inquiry
13028,inquiring
13029,inquires
13030,inquire
13031,inque
13032,innovators
13033,innovate
13034,inn
13035,inmost
13036,ink
13037,injustice—they
13038,injudicious
13039,initiatory
13040,iniquities
13041,inhuman
13042,inhospitality
13043,inharmonical
13044,inhabits
13045,inhabit
13046,ingredient
13047,ingenuous
13048,infusion
13049,infuses
13050,infuriated
13051,infringement
13052,infringed
13053,infractions
13054,informations
13055,informant
13056,influx
13057,influencing
13058,influences—may
13059,inflicts
13060,infliction
13061,inflammatory
13062,infinitesimal
13063,infidelity
13064,inferring
13065,inferiors—the
13066,infection—this
13067,infecting
13068,infect
13069,infatuated
13070,infallibly
13071,inexhaustible
13072,inexcusable
13073,inexact
13074,inestimable
13075,inert
13076,inequalities
13077,industry—i
13078,industry
13079,industrious
13080,induces
13081,inducement
13082,indoors
13083,indomitable
13084,individual—if
13085,individual—as
13086,indite
13087,indissolubly
13088,indisposed
13089,indiscretion
13090,indignation’
13091,indigent
13092,indies
13093,indictment—the
13094,indicative
13095,indestructibility
13096,indelicacy
13097,indelible
13098,indefinable
13099,indecency
13100,indagandis
13101,inculcates
13102,incrusted
13103,increments
13104,incredulity
13105,increasings
13106,incorrupt
13107,incorrect
13108,incorporated
13109,incorporate
13110,inconvenient
13111,inconvenience
13112,incontinently
13113,incontinent
13114,inconsistently
13115,incongruity
13116,incomprehensible
13117,incompatibilities
13118,incommensurables
13119,incommensurabilities
13120,inclusive
13121,inclinations
13122,incitements
13123,incite
13124,incidents
13125,inch
13126,incessant
13127,incalculable
13128,inborn
13129,inartistically
13130,inarticulate
13131,inadequate
13132,inachus
13133,inaccurately
13134,inaccurate
13135,inaccuracy
13136,ina
13137,imputed
13138,impute
13139,imputations
13140,impurity
13141,impudent
13142,improvised
13143,improvidence
13144,improprieties
13145,improbability
13146,imprison
13147,imprimis
13148,imprimatur
13149,impressions’
13150,impresses
13151,imprecation
13152,impracticability
13153,impoverished
13154,imposts
13155,impostor
13156,impossibly
13157,impossible—the
13158,impossibilities
13159,impositions
13160,importunity
13161,importing
13162,importers
13163,importations
13164,important—that
13165,implore
13166,implacable
13167,impinged
13168,impetuousness
13169,imperturbable
13170,impertinences
13171,imperishable
13172,imperious
13173,imperialism
13174,imperatively
13175,impenitent
13176,impenetrable
13177,impel
13178,impeachments
13179,impassable
13180,impartiality
13181,impairing
13182,immutably
13183,immoveable
13184,immovables
13185,immortality—are
13186,immorality
13187,immodesty
13188,immigrants
13189,immersed
13190,immensity
13191,immeasurable
13192,imitator—can
13193,imitator—and
13194,imitative—instances
13195,imbibes
13196,imaginings
13197,imagine—as
13198,imaginations
13199,image—there
13200,imaged
13201,illustrating
13202,illustrates
13203,illusory
13204,illumined
13205,illtreatment
13206,ills
13207,illimitable
13208,ille
13209,ileoumai
13210,ilaskomai
13211,ikanotes
13212,ignoring
13213,ignored
13214,ignorance—he
13215,ignominiously
13216,idolatry
13217,idioms
13218,idiocy
13219,idea—that
13220,idealize
13221,idealist
13222,ichthuopolon
13223,ichthun
13224,ibycus
13225,ibis
13226,iberians
13227,hypotheses—that
13228,hypotheses—images
13229,hypocritical
13230,hyperbolical
13231,hyperbole
13232,hyperbata
13233,hydra’s
13234,hut
13235,hurting
13236,hurried
13237,hurl
13238,hundreds
13239,humours
13240,humoured
13241,humorously
13242,humility
13243,humanized
13244,humanize
13245,hulking
13246,hug
13247,hues
13248,howlings
13249,howling
13250,howl
13251,hovering
13252,hovered
13253,housetop
13254,housekeeping
13255,housekeepers
13256,housekeeper
13257,housed
13258,hound
13259,hottest
13260,hotel
13261,hosts
13262,hostility
13263,hospital
13264,hospitably
13265,horrified
13266,horns
13267,hornet’s
13268,horace
13269,hoplite
13270,hopelessly
13271,hooting
13272,hoot
13273,hooked
13274,hoofs
13275,honour—what
13276,honour—the
13277,honeycomb
13278,honester
13279,homogeneous
13280,homicidal
13281,homer—these
13282,homerids
13283,homeless
13284,homage
13285,holily
13286,holier
13287,holders
13288,hits
13289,histories
13290,historically
13291,historian’s
13292,hisses
13293,hiss
13294,hippocentaurs
13295,hinting
13296,hinted
13297,hindrances
13298,hindoos
13299,him—they
13300,him—these
13301,him—the
13302,him—he
13303,himself’—which
13304,himself—or
13305,himera
13306,higher—the
13307,hierophant
13308,hideous
13309,hid
13310,heyday
13311,hexameter
13312,hew
13313,hesychius
13314,hesitates
13315,hesitated
13316,hesiodic
13317,her—we
13318,her—are
13319,heroines
13320,heroics
13321,herod
13322,hermus’
13323,heretics
13324,heresy
13325,herdsmen
13326,herdsman
13327,herding
13328,herculean
13329,herbs
13330,herb
13331,heraclitus
13332,heraclitean
13333,heracleots
13334,heracleitus’
13335,heracl
13336,henceforth
13337,help—not
13338,helpmate
13339,helplessness
13340,helmsmen
13341,heliodorus
13342,heliaea
13343,heir’
13344,heirs
13345,heighten
13346,heels
13347,heeded
13348,hebrews
13349,heaviness
13350,heaven—some
13351,heavenward
13352,heats
13353,heated
13354,hear—otherwise
13355,heart’
13356,hearty
13357,hearted
13358,hearkens
13359,hearing—has
13360,heaps
13361,healthiest
13362,healthier
13363,healthfulness
13364,heals
13365,headstrong
13366,headlong
13367,headless
13368,headforemost
13369,hazarding
13370,havoc
13371,having—the
13372,have—he
13373,haug
13374,hatched
13375,hastiness
13376,harshest
13377,harrington
13378,harpocration
13379,harmonizes
13380,harmonise
13381,harmonical
13382,harmonia
13383,harming
13384,harlots
13385,harlotries
13386,harlot
13387,hardens
13388,harbouring
13389,harassed
13390,harass
13391,haranguing
13392,harangue
13393,happy—and
13394,happiness’
13395,hap
13396,hanging
13397,hands—that
13398,handmaids
13399,handmaidens
13400,handmaiden
13401,handled
13402,handicraftsmen
13403,hamlets
13404,hamlet
13405,halting
13406,halted
13407,halls
13408,halloo
13409,half’
13410,hail
13411,habituates
13412,habitable
13413,gyges’
13414,gust
13415,gunaikeios
13416,gums
13417,gulf
13418,guiltiness
13419,guileless
13420,guilds
13421,guild
13422,guest
13423,guessing
13424,guesses
13425,guardians—to
13426,guardianships
13427,guarantees
13428,grunts
13429,grudge
13430,grovels
13431,groups
13432,grouped
13433,groundless
13434,grounding
13435,grounded
13436,grotesque
13437,grossly
13438,grosser
13439,groping
13440,groom
13441,groaning
13442,grieved
13443,grieve
13444,grievances
13445,greets
13446,greet
13447,greenness
13448,greedy
13449,grecian
13450,gravitates
13451,gravest
13452,graves
13453,gratifying
13454,gratifies
13455,gratified
13456,grated
13457,grandparent
13458,grandmothers
13459,grandmother
13460,grandfathers
13461,grandeur
13462,grammarians
13463,grains
13464,graeciae
13465,graecia
13466,graec
13467,grades
13468,gradation
13469,grace’
13470,graced
13471,gracchi
13472,goths
13473,gospels
13474,gortynians
13475,gortynian
13476,gorgons
13477,gorgeousness
13478,gorged
13479,good—the
13480,good—shall
13481,good—like
13482,good—i
13483,goodwill
13484,goods—are
13485,god’
13486,god—‘not
13487,goatherd
13488,goaded
13489,gnomology
13490,glutton
13491,glukuthumia
13492,gloriously
13493,glorification
13494,glimpse
13495,glass
13496,glare
13497,girt
13498,gins
13499,gilded
13500,gigantic
13501,gibber
13502,giants
13503,ghostly
13504,gestation
13505,geryon
13506,gerousia
13507,germans
13508,german
13509,georgema
13510,geometry—whether
13511,geometricians
13512,geometer
13513,geographical
13514,gentium
13515,genitive
13516,genesis
13517,generate
13518,genealogies
13519,gender
13520,gegrammenais
13521,gegonotas
13522,gegone
13523,gear
13524,gazes
13525,gazers
13526,gauntlet
13527,gaudet
13528,gatherings
13529,gate
13530,garnished
13531,garment
13532,gardens
13533,gardener
13534,gar
13535,gaps
13536,gapes
13537,gang
13538,ganaika
13539,gamma
13540,gallop
13541,gaisford
13542,gain—these
13543,gain—get
13544,gainers—i
13545,gadfly
13546,futurity
13547,fuss
13548,fusion
13549,fused
13550,furthest
13551,further—‘seen
13552,furtherance
13553,furniture
13554,furnace
13555,furies
13556,fulfiller
13557,fuel
13558,fry
13559,fruition
13560,fruitful
13561,frontispiece
13562,from’
13563,frolic
13564,frighten
13565,friendless
13566,friction
13567,fretted
13568,frenzies
13569,french
13570,freewoman
13571,freedmen
13572,freeborn
13573,frauds
13574,fraternity
13575,frankness—a
13576,frankly
13577,france
13578,frag
13579,fowlers
13580,fowl
13581,fourths
13582,fourteen
13583,found—in
13584,founds
13585,foundlings
13586,foundling
13587,foundering
13588,foulness
13589,foully
13590,foulest
13591,forthwith
13592,forthcoming
13593,forswearing
13594,formidable
13595,formality
13596,formal
13597,forgives
13598,forgiven
13599,forgetful
13600,forgery
13601,forgers
13602,forfeits
13603,forfeited
13604,forfeit
13605,forever
13606,foretells
13607,foretaste
13608,foreshadowed
13609,foresee—have
13610,foresees
13611,foremost
13612,forehead
13613,fore
13614,forbearing
13615,forbearance
13616,forbad
13617,forasmuch
13618,footpads
13619,footing
13620,fool’s
13621,fool’
13622,foolishness
13623,food—which
13624,follow—of
13625,folk
13626,folds
13627,foam
13628,flutters
13629,flutterings
13630,fluctuation
13631,flouted
13632,florileg
13633,floods
13634,flocking
13635,floats
13636,flinch
13637,flexion
13638,flew
13639,flesh—when
13640,fleshly
13641,fleets
13642,flees
13643,flee
13644,fled—like
13645,fledged
13646,flayed
13647,flaw
13648,flatulence
13649,flattering
13650,flatterer
13651,flattered
13652,flashed
13653,flames
13654,flag
13655,fl
13656,fives
13657,fivefold
13658,fittingly
13659,fits
13660,fitful
13661,fists
13662,fisherman
13663,firstly
13664,firing
13665,firewood
13666,fireside
13667,fired
13668,fir
13669,finite
13670,finger—the
13671,finance
13672,film
13673,file
13674,figuring
13675,figurative
13676,figment
13677,fightings
13678,fighter
13679,fiercer
13680,fickleness
13681,fickle
13682,fiats
13683,fewness
13684,feverish
13685,feudal
13686,fetters
13687,festivity
13688,festering
13689,ferebat
13690,felicitate
13691,feigned
13692,feet—how
13693,fees
13694,feeder
13695,feebler
13696,federation
13697,fecundity
13698,fechting
13699,february
13700,featureless
13701,feathers
13702,feasible
13703,favourably
13704,favorite
13705,favor
13706,faust
13707,faulty
13708,fattens
13709,fattening
13710,fatness
13711,father—the
13712,fathers’
13713,fates—lachesis
13714,fastness
13715,fastidious
13716,fashioner
13717,farmer
13718,farce
13719,fancy—is
13720,fancier
13721,famines
13722,family—fathers
13723,familiarized
13724,familiarize
13725,familiaris
13726,falter
13727,fallings
13728,fallibility
13729,faith—neither
13730,fairness
13731,faire
13732,faints
13733,faintly
13734,fainter
13735,failures
13736,fading
13737,faded
13738,faculties—pure
13739,facon
13740,facing
13741,facilities
13742,facilitate
13743,facetious
13744,faces—some
13745,faces—one
13746,faced
13747,ezekial
13748,eyes—to
13749,eyed
13750,exult
13751,exuberance
13752,extricating
13753,extricate
13754,extremities
13755,extremest
13756,extravagances
13757,extracted
13758,extract
13759,extolled
13760,extol
13761,extirpation
13762,extirpated
13763,extinguishing
13764,extinguishes
13765,externals
13766,extenuation
13767,extempore
13768,exquisiteness
13769,expressed—whether
13770,expounder
13771,exposes
13772,exporters
13773,exploits
13774,expires
13775,expiation
13776,expiate
13777,experiments
13778,experimenting
13779,expend
13780,expelling
13781,expedite
13782,expedients
13783,expatiates
13784,expansion
13785,expands
13786,expand
13787,exonerates
13788,exodus
13789,exod
13790,exiling
13791,exigencies
13792,exhibition
13793,exhaustively
13794,exhaust
13795,exertion
13796,exercise—will
13797,exemplar
13798,execute—is
13799,excursus
13800,excluding
13801,exclamation
13802,exclaiming
13803,excitableness
13804,excess—the
13805,excessively
13806,exception—and
13807,exceptions—god
13808,excellency
13809,excelled
13810,exceedingly
13811,excavations
13812,exalting
13813,exalt
13814,exagrio
13815,exagriaino
13816,exaggerating
13817,exaggerate
13818,exactions
13819,exacerbating
13820,ex
13821,evolving
13822,evokes
13823,evil—health
13824,evidencing
13825,evermoving
13826,everlastingly
13827,evasion
13828,evading
13829,evacuation
13830,euthyph
13831,euthus
13832,euthuporon
13833,euthemoneisthai
13834,eustathius
13835,europeans
13836,euripus
13837,euphemus
13838,euphemistically
13839,euphemistic
13840,euphemism
13841,eumolpus
13842,eumenides
13843,euhemerus
13844,euhemerists
13845,euhemerism
13846,eucl
13847,etymologicum
13848,etymological
13849,etymologers
13850,eterou
13851,etara
13852,estranged
13853,estin
13854,estimates
13855,esteems
13856,establishes
13857,essays
13858,esprit
13859,espoused
13860,espousals
13861,espionage
13862,esperas
13863,eschew
13864,escape—who
13865,escapes
13866,es
13867,eryximachus
13868,eryxias
13869,erromenos
13870,errant
13871,erotic
13872,eristics
13873,eretrian
13874,erection
13875,erected
13876,eratosth
13877,erato
13878,erasure
13879,eradicate
13880,equitably
13881,equipoise
13882,equipments
13883,equator
13884,equalled
13885,equalizing
13886,equalization
13887,equability
13888,epos
13889,epitropois
13890,epitome
13891,epithumema
13892,epithets
13893,epitedeuma
13894,epitadeus
13895,epistle
13896,episode
13897,episcopari’
13898,epileptic
13899,epigrams
13900,epicureans
13901,epicurean
13902,epicure
13903,epicrates
13904,ephor
13905,ephialtes
13906,eoikotes
13907,envyings
13908,environment
13909,enviable
13910,enunciate
13911,enumerates
13912,entwine
13913,entries
13914,entrenchments
13915,entreaty
13916,entreats
13917,entitle
13918,enthusiasts
13919,enthusiastically
13920,entertainment—but
13921,entertaining
13922,entertainer
13923,entanglements
13924,entangled
13925,entail
13926,ensured
13927,ensuing
13928,enslaves
13929,enslaved—will
13930,enshrined
13931,enrol
13932,enraptured
13933,enquired
13934,enormously
13935,enormity
13936,enochlein
13937,enlivened
13938,enliven
13939,enlisting
13940,enlist
13941,enlighten
13942,enlarging
13943,enjoyable
13944,enigmatical
13945,engraven
13946,engraved
13947,engrained
13948,engrafting
13949,engineers
13950,engages
13951,engagements
13952,engagement
13953,enfranchisement
13954,enforcing
13955,enfeebling
13956,enfeebles
13957,enervates
13958,enervated
13959,energetically
13960,enemies—that
13961,enemies—good
13962,eneirgo
13963,end—how
13964,endures
13965,endurances
13966,endurable
13967,endowments
13968,endowed
13969,endearment
13970,endeared
13971,endanger
13972,encroaching
13973,encroach
13974,encomiasts
13975,enclosures
13976,enclosed
13977,encircled
13978,enchantments—that
13979,enchanters
13980,enchanter
13981,enchanted
13982,encampings
13983,encamp
13984,enargeia
13985,emulating
13986,empyrean
13987,emptied
13988,empowered
13989,empower
13990,employments—the
13991,employers
13992,empire—‘how
13993,emphatic
13994,emperors
13995,emmeleia
13996,eminences
13997,eminence
13998,emetic
13999,emerged
14000,emerge
14001,embroiderer
14002,embodying
14003,emblazoned
14004,embellishment
14005,embellished
14006,embark
14007,emancipation
14008,emancipating
14009,emaciated
14010,elucidate
14011,else—there
14012,eloquently
14013,elizabethan
14014,elixir
14015,eliot’s
14016,eliminated
14017,eliminate
14018,elicits
14019,eleventh
14020,elenchi
14021,elean
14022,elderly
14023,elattonos
14024,elated
14025,elapse
14026,elaborated
14027,ekmageia
14028,ekastote
14029,either—that
14030,either—he
14031,eitheos
14032,eis
14033,eipe
14034,eiothuia
14035,eilithyia
14036,eileithyia
14037,eikonology
14038,eikonologies
14039,eighth—the
14040,ei
14041,egotistical
14042,egotism
14043,eggs
14044,effervescence
14045,effectually
14046,effectual
14047,effectively
14048,effaced
14049,educators
14050,education’—and
14051,education—they
14052,educations
14053,educating—if
14054,educated—do
14055,edrai
14056,edones
14057,edonas
14058,edition
14059,edification
14060,ecstacy
14061,economist
14062,economical
14063,ecliptic
14064,eclipse
14065,eclectic
14066,echthodopos
14067,echoes
14068,echoed
14069,eccleziazusae
14070,ecclesiastics
14071,ecclesiastic
14072,ecclesia
14073,eccentricity
14074,ebullition
14075,eaten
14076,eastern
14077,earth’s
14078,earthy
14079,earthquakes
14080,earned
14081,eared
14082,dynamics
14083,dyeing
14084,dwindle
14085,dweller
14086,duty—you
14087,dutiful
14088,dusty
14089,duration
14090,duoin
14091,dunces
14092,dunamin
14093,dunamenois
14094,dullness
14095,dullest
14096,dues
14097,dublin
14098,dryness
14099,drying
14100,drowned
14101,drought
14102,drooping
14103,drone’s
14104,drone—that
14105,drones’
14106,dronelike
14107,dronage
14108,drivelling
14109,drinker
14110,drifted
14111,dresser
14112,dregs
14113,dreary
14114,dreamy
14115,dreaded
14116,drawling
14117,drapery
14118,dramatize
14119,dragon
14120,draggling
14121,draggle
14122,downward
14123,downfall
14124,doves
14125,dove
14126,doulon
14127,douloi
14128,doulikos
14129,doulen
14130,douleios
14131,douleia
14132,doubtfully
14133,doubly
14134,doubles
14135,doth
14136,dormant
14137,dominican
14138,domestici
14139,dome
14140,dolphin
14141,doling
14142,dokei
14143,dogma
14144,does—refuse
14145,documents
14146,document
14147,doctrinaires
14148,doctrinaire
14149,docility
14150,dizzy
14151,divulged
14152,divorce
14153,divisor
14154,divinations
14155,dividend
14156,diverting
14157,diverted
14158,diversion
14159,diverges
14160,divergence
14161,ditches
14162,disturbances
14163,distributive
14164,distress
14165,distractions
14166,distract
14167,distinguishable
14168,distasteful
14169,distaff
14170,dissonance
14171,dissolve
14172,dissipation
14173,dissipated
14174,dissimilating
14175,dissident
14176,dissents
14177,dissension
14178,dissecting
14179,dissect
14180,dissatisfactions
14181,dissatisfaction
14182,disquieted
14183,disputatious
14184,disputants
14185,disputant
14186,disproved
14187,disproportionately
14188,dispraises
14189,disposing
14190,disposed—there
14191,displeasing
14192,displeased
14193,displease
14194,displaying
14195,dispensing
14196,dispenser
14197,dispense
14198,dispensations
14199,dispelled
14200,dispatched
14201,disparate
14202,disparage
14203,disorganized—when
14204,disobeying
14205,disobeyed
14206,dismisses
14207,dismissal
14208,dismiss
14209,dismembered
14210,dismal
14211,disloyalty
14212,disliked
14213,disinheriting
14214,dishes
14215,dish
14216,disgust
14217,disgrace—they
14218,disfiguring
14219,disesteem
14220,disentangle
14221,disengaging
14222,disenchanted
14223,disease—when
14224,disdain
14225,discrimination
14226,discrepancies
14227,discovery’
14228,discovering
14229,discourtesy
14230,discoursed
14231,discouraging
14232,discourage
14233,discountenanced
14234,discordance
14235,discontents
14236,discomposed
14237,discomfort
14238,disciplines
14239,disciples—that
14240,discharging
14241,discerns
14242,disbelieved
14243,disarrange
14244,disarmed
14245,disapprover
14246,disappointing
14247,disallowed
14248,disagreed
14249,disagreeables
14250,disabused
14251,directness
14252,dipped
14253,diplasiology
14254,diopompus
14255,dionysian
14256,dionysia
14257,diog
14258,diod
14259,dinners
14260,dinner
14261,dinna
14262,dining
14263,diner
14264,dine
14265,dimmer
14266,dimmed
14267,diminutives
14268,dilemma
14269,dilate
14270,dignities
14271,digestion
14272,diffuseness
14273,difficultly
14274,difficulties—what
14275,different—the
14276,difference—they
14277,dieulabeisthai
14278,dieting
14279,dietetics
14280,diephtharkenai
14281,dieiretai
14282,didymus
14283,didst
14284,didici
14285,dictate
14286,dicasts
14287,diaulos
14288,diatheter
14289,diapauma
14290,dianomotheteo
14291,diamonds
14292,diametrical
14293,devouring
14294,devotes
14295,devises
14296,devilish
14297,deviation—that
14298,deviation
14299,deviated
14300,deviate
14301,developments
14302,devastations
14303,detrimental
14304,detractors
14305,detraction
14306,detract
14307,detests
14308,detest
14309,deters
14310,deterring
14311,deterioration
14312,detects
14313,detective
14314,detailing
14315,detached
14316,destroyers
14317,destitutes
14318,destinies
14319,destination
14320,dessert
14321,despots
14322,despondency
14323,despoiling
14324,despoiled
14325,despaired
14326,desmoterion
14327,desisting
14328,desist
14329,design’—justice
14330,designing
14331,designation
14332,designated
14333,designate
14334,desideratum
14335,deservedly
14336,deserts
14337,deserters
14338,deserter
14339,descry
14340,describing—sciences
14341,described—common
14342,descendant
14343,descartes
14344,deriving
14345,derivation
14346,deriding
14347,derided
14348,deprival
14349,depressing
14350,depress
14351,depreciation
14352,depreciated
14353,deprecated
14354,depositor
14355,deploring
14356,departures
14357,deos
14358,den’
14359,denunciation
14360,denominate
14361,denaturalized
14362,demonstrative
14363,demonstrating
14364,demonic
14365,demolished
14366,democrats
14367,democracy—the
14368,demes
14369,demented
14370,deluding
14371,dells
14372,delivering
14373,deliverances
14374,delinquent
14375,delights’
14376,delightfully
14377,deliciously
14378,delicacies
14379,deliberate
14380,deleterious
14381,delays
14382,delayed
14383,deify
14384,degrades
14385,degenerating
14386,defraying
14387,defrayed
14388,defoe
14389,defile
14390,defies
14391,deficiencies
14392,defiance
14393,defends
14394,defendants
14395,defaming
14396,deepest
14397,deepen
14398,deducting
14399,deduct
14400,deduced
14401,dedoikotes
14402,dedication
14403,dedicates
14404,decrepitude
14405,decreed
14406,decreases
14407,decreased
14408,decorum
14409,declamation
14410,decisive
14411,deceptive
14412,decencies
14413,decease
14414,decayed
14415,debts’
14416,debts—no
14417,debated
14418,debased
14419,debar
14420,dearth
14421,dearly
14422,dearer
14423,dazzling
14424,day’s
14425,dawns
14426,dawdling
14427,datives
14428,dating
14429,data
14430,dash
14431,darts
14432,darter
14433,darling
14434,daresay
14435,danger—he
14436,danger—for
14437,dangers—and
14438,danced
14439,damon’s
14440,damon—they
14441,damnation
14442,damaging
14443,damaged
14444,dally
14445,dale
14446,dainties
14447,dagger
14448,daemonium
14449,cyropaedia
14450,cyrnus
14451,cypselids
14452,cyprus
14453,cynics
14454,cynic
14455,cylon
14456,cutpurses
14457,curtail
14458,cursing
14459,curriers
14460,curriculum
14461,curing
14462,cure’
14463,cum
14464,culpable
14465,culpability
14466,cubits
14467,cubing
14468,ctesias
14469,crudest
14470,crucified
14471,croydon
14472,crowns
14473,crowding
14474,crow
14475,crotchets
14476,crosses
14477,crossed
14478,crops
14479,crookedness
14480,cromwell
14481,critics—as
14482,criticise
14483,criteria
14484,crison
14485,crime—not
14486,cribbed
14487,cretic
14488,crest
14489,creeping
14490,creed
14491,creditors
14492,creches
14493,creators
14494,creaking
14495,crave
14496,cratyl
14497,crat
14498,cram
14499,craftily
14500,coward—can
14501,covets
14502,coverings
14503,covenants
14504,courtier
14505,courtezan
14506,courtesy
14507,courtesans
14508,courtesan
14509,coursing
14510,couples
14511,coupled
14512,country’s
14513,country—that
14514,counting
14515,counteth
14516,counters
14517,counterparts
14518,counterfeit
14519,counterbalancing
14520,counterbalanced
14521,counteracting
14522,counteract
14523,countenance
14524,counselling
14525,councils
14526,coughed
14527,cosmos
14528,cosmological
14529,corybantian
14530,corybantes
14531,corruptors
14532,corruptly
14533,corresponded
14534,correctors
14535,corrective
14536,corpus
14537,corpse
14538,corporation
14539,corporate
14540,corners
14541,corinthians
14542,copper
14543,cope
14544,cooperate
14545,coolness
14546,cooling
14547,convulsively
14548,convocation
14549,convivialities
14550,convinced—this
14551,convictions
14552,conveys
14553,convex
14554,conversed
14555,conversant
14556,conventionalities
14557,convent
14558,convene
14559,convenance’
14560,controverted
14561,controversial
14562,controller
14563,contriving
14564,contrives
14565,contrivers
14566,contrivances
14567,contributed
14568,contradictions
14569,contradicted
14570,contractors
14571,contra
14572,continuously
14573,continuer
14574,continuation
14575,continently
14576,conterminous
14577,contentions
14578,contented—will
14579,contended
14580,contemptible
14581,contemplative
14582,contemplations
14583,contemns
14584,contamination
14585,consummated
14586,consults
14587,consulting
14588,constructs
14589,constrain
14590,constantinople
14591,conspiracies
14592,conspicuous
14593,consoled
14594,consistently
14595,consign
14596,considerate
14597,consciously
14598,connotation
14599,connoisseurs
14600,conjuring
14601,conjunction
14602,conjugates’
14603,conjoined
14604,conjectured
14605,congregate
14606,confronted
14607,conformity
14608,conformations
14609,conflux
14610,confluent
14611,conflicting
14612,confining
14613,confiding
14614,confided
14615,confessedly
14616,confederacy
14617,confections
14618,confectioners
14619,confectionary
14620,conductor
14621,conduced
14622,conditional
14623,condensed
14624,condemns
14625,concurrence
14626,concords
14627,conclave
14628,conciliated
14629,concernment
14630,conceals
14631,concave
14632,comrade
14633,computation
14634,comprise
14635,comprehensiveness
14636,comprehends
14637,composer
14638,complies
14639,complicating
14640,complicated’
14641,compliance
14642,completes
14643,complaisance
14644,complains
14645,complaining
14646,complainers
14647,complainant
14648,compiler
14649,competent
14650,compensating
14651,compendiums
14652,comparatio
14653,comparable
14654,communications
14655,commotions
14656,commons
14657,commonest
14658,committee
14659,commits
14660,commited
14661,commentator
14662,commentaries
14663,commensurate
14664,commendation
14665,commencing
14666,commemoration
14667,comings
14668,comforter
14669,comer—might
14670,comer
14671,comeliness
14672,comelier
14673,comedy—did
14674,comedies
14675,combing
14676,combines
14677,combe
14678,com
14679,colossal
14680,colonizing
14681,colonize
14682,colonist
14683,colonisation
14684,collocation
14685,college
14686,collectors
14687,collapse
14688,coldly
14689,coincident
14690,coincided
14691,coinage
14692,cohabit
14693,cognizant
14694,cognizable
14695,cognisance
14696,cognate
14697,coextensive
14698,coeval
14699,coercion
14700,coerces
14701,coerced
14702,codes
14703,coddling
14704,cocytus
14705,coats
14706,coarser
14707,coadjutor
14708,clustering
14709,clustered
14710,club
14711,clothe
14712,closing
14713,closet
14714,cloister
14715,clique
14716,climax
14717,cleverly
14718,cleverest
14719,clergy
14720,cleomenes
14721,clenched
14722,cleave
14723,cleanly
14724,clauses
14725,class—that
14726,class—of
14727,classifying
14728,classified
14729,classification
14730,classicus
14731,classes—women
14732,classes—rogues
14733,classes—one
14734,clap
14735,clandestinely
14736,claimant
14737,civitate
14738,civilizing
14739,civilizer
14740,civilize
14741,civility
14742,civilities
14743,civiliser
14744,city—to
14745,city—men
14746,city—as
14747,citizens—how
14748,citing
14749,citharoedic
14750,cistern
14751,circumventing
14752,circumvent
14753,circumstances’
14754,circumstanced
14755,circumfused
14756,circumferences
14757,circumcision
14758,circule
14759,circuits
14760,circuit
14761,cinyras
14762,cicero’s
14763,cicadae
14764,churlish
14765,chronology
14766,chronios
14767,christendom
14768,chremata
14769,chreia
14770,chre
14771,chords
14772,chooser—god
14773,choirs
14774,choices
14775,chisel
14776,chimeras
14777,chimera
14778,children—for
14779,children—are
14780,children—and
14781,childishness
14782,chestnuts
14783,cherishing
14784,cherisher
14785,cherished
14786,chemistry
14787,chemical
14788,cheimonon
14789,cheerily
14790,cheered
14791,cheeks
14792,cheek
14793,cheats
14794,cheated
14795,chattels
14796,chastity
14797,chasten
14798,chastely
14799,chased
14800,charmingly
14801,charmer
14802,charmantides—these
14803,charmantides
14804,charisi
14805,charioteering
14806,characterises
14807,char
14808,chapter
14809,chaotic
14810,chanting
14811,chant
14812,chamber
14813,challenged
14814,chairs
14815,chair
14816,chafes
14817,chafe
14818,ceteris
14819,cestuses
14820,certifies
14821,certainties
14822,ceremony
14823,ceremonial
14824,cereals
14825,cerberus
14826,ceos
14827,censors
14828,cement
14829,celts
14830,cells
14831,celebrity
14832,celebration
14833,celebrates
14834,ceiling—no
14835,ceiling
14836,cebes
14837,ceaseless
14838,cautiously
14839,cautions
14840,caught—when
14841,catches
14842,catastrophe
14843,catarrh
14844,casuistry
14845,castles
14846,castle
14847,case—that
14848,cases—what
14849,carver
14850,carved
14851,carts
14852,cart
14853,carriere
14854,carpenter’s
14855,carpenter—is
14856,carpenters
14857,carousals
14858,carnivorous
14859,caricatured
14860,carian
14861,care’
14862,career—‘let
14863,cardinal
14864,capturing
14865,captured
14866,captivating
14867,captivates
14868,captivated
14869,capriciousness
14870,capricious
14871,capacities
14872,canst
14873,canine
14874,canibus
14875,cancelling
14876,campaigning
14877,cambridge
14878,calmed
14879,callippus
14880,calliope
14881,callings—they
14882,calligraphy
14883,calculate
14884,cajole
14885,cage
14886,caesar
14887,cabined
14888,byzantine
14889,byzantian
14890,butt
14891,butchery
14892,bustling
14893,bushel
14894,burying
14895,bursting
14896,burning
14897,burned
14898,burials
14899,burdens
14900,bullies
14901,bulldogs
14902,bulk
14903,builder—in
14904,buffoonery
14905,bubbles
14906,brutalized
14907,bruited
14908,browse
14909,brother’—if
14910,brotherhoods
14911,bronze
14912,broke
14913,broad
14914,brittle
14915,brink
14916,brine
14917,brimming
14918,brightest—the
14919,brighten
14920,brigades
14921,bridles
14922,bridled
14923,bricks
14924,breezes
14925,breathes
14926,breast—the
14927,bread
14928,brave—may
14929,braver
14930,brat
14931,brahmins
14932,braggart
14933,brackish
14934,brachylogies
14935,boxes
14936,bowman
14937,bowling
14938,bowers
14939,bouts
14940,bounties
14941,bound—will
14942,bound—he
14943,bounds
14944,bouleutai
14945,bough
14946,borrows
14947,borrower
14948,borrow
14949,borderland
14950,boorish
14951,boons
14952,bones
14953,bondmen
14954,bolder
14955,boils
14956,boil
14957,boeotian
14958,boeotia
14959,boeckh
14960,body’s
14961,body—the
14962,boatswains
14963,boat
14964,boastfulness
14965,boaster
14966,board
14967,blustering
14968,blushing
14969,blushed
14970,blurred
14971,blunted
14972,blunders
14973,blown
14974,blotted
14975,blooms
14976,bloody
14977,block
14978,blissful
14979,blinks
14980,blink
14981,blind’
14982,bless
14983,blending
14984,blend
14985,blemishes
14986,bleat
14987,blazes
14988,blasting
14989,blasphemies
14990,blasphemed
14991,blapsis
14992,blame—at
14993,blameable
14994,black—to
14995,blackness
14996,blabos
14997,blabe
14998,bitterness
14999,bitterest
15000,bishopric
15001,birthday
15002,birds—for
15003,biographies
15004,biographer
15005,biodotes
15006,bigness
15007,bigger
15008,biennial
15009,biddest
15010,bias
15011,be—an
15012,bewilderments
15013,beware
15014,better—would
15015,betters
15016,betook
15017,bethink
15018,betaking
15019,beta
15020,bestowal
15021,besprinkled
15022,besieging
15023,besiegers
15024,besiege
15025,berries
15026,berkeley’s
15027,berkeley
15028,bereft
15029,bereavement
15030,bequeaths
15031,bequeathing
15032,benign
15033,benefiting
15034,beneficent
15035,bendidea
15036,benched
15037,belt
15038,below—if
15039,below—cocytus
15040,belongings
15041,believe—reason
15042,beliefs’
15043,being—geometry
15044,beings—the
15045,beholder
15046,behests
15047,behaving
15048,behaves
15049,begone
15050,beginner
15051,beggars—i
15052,beggarly
15053,begat
15054,befits
15055,befell
15056,beehive
15057,bedding
15058,beauty—in
15059,beauteous
15060,beatings
15061,beasts’
15062,beasts—he
15063,bearers
15064,beardless
15065,beans
15066,beams
15067,beak
15068,battling
15069,bastards
15070,bass
15071,bask
15072,basileis
15073,basileiai
15074,basest
15075,barrier
15076,barrenness
15077,bargains
15078,barest
15079,barefoot
15080,barclay
15081,barbarity
15082,bar
15083,baptised
15084,banter
15085,banquetter
15086,banquets
15087,banqueting
15088,banqueters
15089,baneful
15090,banditti
15091,ballads
15092,ball
15093,baldness
15094,balancing
15095,baking
15096,bail
15097,baggage
15098,back—the
15099,backwardness
15100,backs
15101,background
15102,bacchanals
15103,babes
15104,axioms
15105,axiomata
15106,axias
15107,awful
15108,awestricken
15109,awed
15110,avowedly
15111,avoids
15112,averters
15113,aver
15114,avenging
15115,author’s
15116,authoritative
15117,authentic
15118,autais
15119,auspiciously
15120,auscultation
15121,aurelius
15122,aunt
15123,august
15124,augury
15125,audacious
15126,auctioneers
15127,attuning
15128,attribution
15129,attractions
15130,attracting
15131,atticorum
15132,attici
15133,attentively
15134,attentions
15135,attempers
15136,attemper
15137,attainted
15138,attainder
15139,attaches
15140,att
15141,atrocities
15142,atreus
15143,atonements
15144,atone
15145,atimous
15146,atimia
15147,athuta
15148,athurein
15149,athirst
15150,atheotetes
15151,athenarum
15152,athenaious
15153,athenaion
15154,athen
15155,ate
15156,ataphoi
15157,asylum
15158,astylus
15159,astronomical
15160,astronomer
15161,astonishment
15162,astonishing
15163,asthmatic
15164,assuring
15165,assuage
15166,assortment
15167,assimilation
15168,assimilating
15169,assimilate
15170,assessment
15171,assemblage
15172,assassinating
15173,assassinate
15174,assailing
15175,assailants
15176,assail
15177,aspersions
15178,asked—where
15179,ascribing
15180,ascribes
15181,asclepiads
15182,asclepiad
15183,ascetics
15184,ascertaining
15185,ascendency
15186,arts’
15187,artisan’s
15188,artificially
15189,articulation
15190,arthur
15191,artery
15192,artem
15193,artaphernes
15194,arrow
15195,arrogant
15196,arrogance
15197,arrested
15198,arraying
15199,arrant
15200,arranges
15201,arouses
15202,arose’
15203,armpits
15204,aristoteles
15205,aristot
15206,aristophanic
15207,aristoph
15208,aristonymus
15209,aristonikou
15210,arion’s
15211,argument—unless
15212,argumentative
15213,argives
15214,argive
15215,arginusae
15216,are—a
15217,archytas
15218,archontes
15219,archontas
15220,archomenoi
15221,archelaus
15222,archaic
15223,arcadian
15224,arbitration
15225,arbitrarily
15226,aquiline
15227,apud
15228,aptitude—dogs
15229,appurtenances
15230,approximating
15231,approximates
15232,appropriation
15233,appropriating
15234,appropriates
15235,appropriateness
15236,appropriated
15237,approached
15238,apprentices
15239,apprentice
15240,apprehends
15241,appreciating
15242,apposing
15243,apportions
15244,apportioned
15245,apportion
15246,appointments
15247,applauses
15248,applauding
15249,appertaining
15250,appertain
15251,append
15252,appellant
15253,appear—of
15254,appearances—he
15255,appalling
15256,apostles
15257,apopherosin
15258,apologizing
15259,apologist
15260,apodot
15261,apocalypse
15262,apoboleus
15263,apoblapto
15264,apo
15265,apiece
15266,aphrodisia
15267,aphoristic
15268,apeniautesis
15269,apeirias
15270,apeiria
15271,apathy
15272,apagesthai
15273,anupodesiai
15274,antwerp
15275,antitheses
15276,antique
15277,antiquated
15278,antiquarian
15279,antiphon
15280,antipathetic
15281,antigone
15282,anticipates
15283,anteros
15284,antecedents
15285,antagonist
15286,answer—the
15287,answerable
15288,another—that
15289,another—sometimes
15290,another—of
15291,another—he
15292,another—and
15293,another—a
15294,anon
15295,anomaly
15296,anointed
15297,announcing
15298,announcement
15299,anno
15300,annihilation
15301,annihilates
15302,ann
15303,animus
15304,animosities
15305,animation
15306,animates
15307,animalism
15308,aniditi
15309,angling
15310,angled
15311,angelo
15312,angel
15313,anew
15314,andromache
15315,andocides
15316,andoc
15317,ancestor’s
15318,anatei
15319,anapaestic
15320,analyzed
15321,analytical
15322,analyses
15323,analogy—he
15324,anadikos
15325,anachronism
15326,amulet
15327,amply
15328,amplifications
15329,ample
15330,amphion
15331,amounting
15332,amorphoi
15333,amorous
15334,amiss
15335,amidst
15336,amerigo
15337,american
15338,amenities
15339,amends
15340,amended
15341,amelioration
15342,ambush
15343,ambuscade
15344,ambitious—would
15345,amaze
15346,amatory
15347,amateur
15348,alumni
15349,alternating
15350,alternated
15351,alterations
15352,altera
15353,alpha
15354,alochos
15355,alms
15356,all—will
15357,all—are
15358,all—and
15359,allure
15360,alludes
15361,allottee
15362,allot
15363,allodemia
15364,alleviation
15365,alleged
15366,allayed
15367,alla
15368,alive—aye
15369,aliment
15370,alighted
15371,aliens
15372,alienates
15373,algebraic
15374,alexis
15375,alexandrian
15376,alexandria
15377,alcinous
15378,alarms
15379,alarm
15380,akuroi
15381,akephalos
15382,aixeien
15383,aistor
15384,aissein
15385,aisi
15386,aischron
15387,airy
15388,aimulos
15389,aimed
15390,ailment
15391,ailing
15392,aiblins
15393,agrarian
15394,aglaion
15395,agitation
15396,agis
15397,aggressive
15398,aggression—are
15399,aggregation
15400,aggregated
15401,aggravated
15402,age’—is
15403,agesilaus
15404,agere
15405,agencies
15406,agathon
15407,agaposin
15408,agamemnon’s
15409,affluent
15410,afflictions
15411,afflicting
15412,affix
15413,affirmation
15414,affectionate
15415,affectations
15416,affectation
15417,afar
15418,aevum
15419,aesop
15420,aesculapius
15421,aeschines
15422,aelian
15423,aegospotami
15424,aegean
15425,aediles
15426,advocacy
15427,adversary’s
15428,adverbs
15429,advantageously
15430,adulterations
15431,adult
15432,adulation
15433,adrastus
15434,adorns
15435,adornments
15436,adorning
15437,adorned
15438,adore
15439,admonishing
15440,admixtures
15441,administrators
15442,administrator
15443,administrations
15444,adjusts
15445,adjustments
15446,adjure
15447,adjudged
15448,adjoining
15449,adjectives
15450,adherents
15451,adeimantus—taking
15452,adducing
15453,adapting
15454,adaptations
15455,adamantine
15456,adage
15457,actuated
15458,actuate
15459,actively
15460,action—to
15461,action—in
15462,acquittal
15463,acquiescing
15464,acquiesces
15465,acquiescence
15466,acknowledged—did
15467,achilles—‘i
15468,achievement
15469,achieved
15470,achieve
15471,acharistos
15472,acharis
15473,ace
15474,accustoming
15475,accustom
15476,accusing
15477,accumulations
15478,accumulating
15479,accruing
15480,accrued
15481,accredited
15482,accounts
15483,accorded
15484,accomplices
15485,accomplice
15486,accommodations
15487,accommodation
15488,accommodated
15489,accommodate
15490,accessory
15491,accepts
15492,accepting
15493,acceptance
15494,academy
15495,abyss
15496,abused
15497,abundantly
15498,absurdum
15499,abstracts
